method,alpha,layer,groups,group_size_pattern,num_groups,unique_group_count_1,unique_group_count_2,unique_group_count_3,unique_group_count_4,unique_group_rate_1,unique_group_rate_2,unique_group_rate_3,unique_group_rate_4,mean_unique_groups,mean_intragroup_output_distance,initial_pairwise_same_group_routing_mass
objective_aware,1.0,0,"[[0,1,7,8,11,12,13,14,15,16,17,20,21,22,23,24,27,29,30,32,35,44,47,48,49,52,53,54,55,56,57],[2],[3],[4],[5],[6],[9],[10],[18],[19],[25],[26],[28],[31],[33],[34],[36],[37],[38],[39],[40],[41],[42],[43],[45],[46],[50],[51],[58],[59]]","[31,1,1,1,1,1,1,1,1,1,1,1,1,1,1,1,1,1,1,1,1,1,1,1,1,1,1,1,1,1]",30,7446,17611,19626,20853,0.113616943359375,0.2687225341796875,0.299468994140625,0.3181915283203125,2.822235107421875,0.2216380903156855,1.7873382568359375
legacy_pairwise_hc,1.0,0,"[[0,1,7,8,11,12,13,14,15,16,17,20,21,22,23,24,27,29,30,32,35,44,47,48,49,52,53,54,55,56,57],[2],[3],[4],[5],[6],[9],[10],[18],[19],[25],[26],[28],[31],[33],[34],[36],[37],[38],[39],[40],[41],[42],[43],[45],[46],[50],[51],[58],[59]]","[31,1,1,1,1,1,1,1,1,1,1,1,1,1,1,1,1,1,1,1,1,1,1,1,1,1,1,1,1,1]",30,7446,17611,19626,20853,0.113616943359375,0.2687225341796875,0.299468994140625,0.3181915283203125,2.822235107421875,0.2216380903156855,1.7873382568359375
objective_aware,1.0,1,"[[0],[1,2,4,5,6,7,8,9,11,12,13,14,15,20,25,28,29,30,31,32,37,39,41,43,49,50,51,54,55,57,58],[3],[10],[16],[17],[18],[19],[21],[22],[23],[24],[26],[27],[33],[34],[35],[36],[38],[40],[42],[44],[45],[46],[47],[48],[52],[53],[56],[59]]","[31,1,1,1,1,1,1,1,1,1,1,1,1,1,1,1,1,1,1,1,1,1,1,1,1,1,1,1,1,1]",30,7927,15342,22624,19643,0.1209564208984375,0.234100341796875,0.34521484375,0.2997283935546875,2.8237152099609375,0.3309164027052541,1.77325439453125
legacy_pairwise_hc,1.0,1,"[[0],[1,2,4,5,6,7,8,9,11,12,13,14,15,20,25,28,29,30,31,32,37,39,41,43,49,50,51,54,55,57,58],[3],[10],[16],[17],[18],[19],[21],[22],[23],[24],[26],[27],[33],[34],[35],[36],[38],[40],[42],[44],[45],[46],[47],[48],[52],[53],[56],[59]]","[31,1,1,1,1,1,1,1,1,1,1,1,1,1,1,1,1,1,1,1,1,1,1,1,1,1,1,1,1,1]",30,7927,15342,22624,19643,0.1209564208984375,0.234100341796875,0.34521484375,0.2997283935546875,2.8237152099609375,0.3309164027052541,1.77325439453125
objective_aware,1.0,2,"[[0],[1,3,4,5,7,8,10,13,15,17,19,20,21,22,25,28,29,30,31,33,34,35,39,40,41,48,49,50,51,53,58],[2],[6],[9],[11],[12],[14],[16],[18],[23],[24],[26],[27],[32],[36],[37],[38],[42],[43],[44],[45],[46],[47],[52],[54],[55],[56],[57],[59]]","[31,1,1,1,1,1,1,1,1,1,1,1,1,1,1,1,1,1,1,1,1,1,1,1,1,1,1,1,1,1]",30,6622,16237,21360,21317,0.101043701171875,0.2477569580078125,0.325927734375,0.3252716064453125,2.87542724609375,0.37111263871192934,1.6754608154296875
legacy_pairwise_hc,1.0,2,"[[0],[1,3,4,5,7,8,10,13,15,17,19,20,21,22,25,28,29,30,31,33,34,35,39,40,41,48,49,50,51,53,58],[2],[6],[9],[11],[12],[14],[16],[18],[23],[24],[26],[27],[32],[36],[37],[38],[42],[43],[44],[45],[46],[47],[52],[54],[55],[56],[57],[59]]","[31,1,1,1,1,1,1,1,1,1,1,1,1,1,1,1,1,1,1,1,1,1,1,1,1,1,1,1,1,1]",30,6622,16237,21360,21317,0.101043701171875,0.2477569580078125,0.325927734375,0.3252716064453125,2.87542724609375,0.37111263871192934,1.6754608154296875
objective_aware,1.0,3,"[[0],[1],[2,5,6,8,10,11,16,18,20,21,22,27,28,29,31,32,34,35,37,39,44,45,48,49,50,52,53,54,56,58,59],[3],[4],[7],[9],[12],[13],[14],[15],[17],[19],[23],[24],[25],[26],[30],[33],[36],[38],[40],[41],[42],[43],[46],[47],[51],[55],[57]]","[31,1,1,1,1,1,1,1,1,1,1,1,1,1,1,1,1,1,1,1,1,1,1,1,1,1,1,1,1,1]",30,7326,16541,20202,21467,0.111785888671875,0.2523956298828125,0.308258056640625,0.3275604248046875,2.851593017578125,0.3934064163956591,1.7361602783203125
legacy_pairwise_hc,1.0,3,"[[0],[1],[2,5,6,8,10,11,16,18,20,21,22,27,28,29,31,32,34,35,37,39,44,45,48,49,50,52,53,54,56,58,59],[3],[4],[7],[9],[12],[13],[14],[15],[17],[19],[23],[24],[25],[26],[30],[33],[36],[38],[40],[41],[42],[43],[46],[47],[51],[55],[57]]","[31,1,1,1,1,1,1,1,1,1,1,1,1,1,1,1,1,1,1,1,1,1,1,1,1,1,1,1,1,1]",30,7326,16541,20202,21467,0.111785888671875,0.2523956298828125,0.308258056640625,0.3275604248046875,2.851593017578125,0.3934064163956591,1.7361602783203125
objective_aware,1.0,4,"[[0,3,6,7,8,14,15,16,18,20,21,22,24,25,26,27,28,29,30,32,40,41,44,45,46,47,51,54,55,58,59],[1],[2],[4],[5],[9],[10],[11],[12],[13],[17],[19],[23],[31],[33],[34],[35],[36],[37],[38],[39],[42],[43],[48],[49],[50],[52],[53],[56],[57]]","[31,1,1,1,1,1,1,1,1,1,1,1,1,1,1,1,1,1,1,1,1,1,1,1,1,1,1,1,1,1]",30,7508,16151,19487,22390,0.11456298828125,0.2464447021484375,0.2973480224609375,0.341644287109375,2.8660736083984375,0.4114239958024794,1.72406005859375
legacy_pairwise_hc,1.0,4,"[[0,3,6,7,8,14,15,16,18,20,21,22,24,25,26,27,28,29,30,32,40,41,44,45,46,47,51,54,55,58,59],[1],[2],[4],[5],[9],[10],[11],[12],[13],[17],[19],[23],[31],[33],[34],[35],[36],[37],[38],[39],[42],[43],[48],[49],[50],[52],[53],[56],[57]]","[31,1,1,1,1,1,1,1,1,1,1,1,1,1,1,1,1,1,1,1,1,1,1,1,1,1,1,1,1,1]",30,7508,16151,19487,22390,0.11456298828125,0.2464447021484375,0.2973480224609375,0.341644287109375,2.8660736083984375,0.4114239958024794,1.72406005859375
objective_aware,1.0,5,"[[0,6,7,8,9,11,12,13,20,21,23,24,25,26,27,28,30,31,33,34,39,41,44,47,50,51,54,55,57,58],[1],[2],[3],[4],[5],[10],[14],[15],[16],[17,52],[18],[19],[22],[29],[32],[35],[36],[37],[38],[40],[42],[43],[45],[46],[48],[49],[53],[56],[59]]","[30,2,1,1,1,1,1,1,1,1,1,1,1,1,1,1,1,1,1,1,1,1,1,1,1,1,1,1,1,1]",30,4822,16731,24606,19377,0.073577880859375,0.2552947998046875,0.375457763671875,0.2956695556640625,2.893218994140625,0.48916463410362193,1.577117919921875
legacy_pairwise_hc,1.0,5,"[[0,6,7,8,9,11,12,13,20,21,23,24,25,26,27,28,30,31,33,34,39,41,44,47,50,51,54,55,57,58],[1],[2],[3],[4],[5],[10],[14],[15],[16],[17,52],[18],[19],[22],[29],[32],[35],[36],[37],[38],[40],[42],[43],[45],[46],[48],[49],[53],[56],[59]]","[30,2,1,1,1,1,1,1,1,1,1,1,1,1,1,1,1,1,1,1,1,1,1,1,1,1,1,1,1,1]",30,4822,16731,24606,19377,0.073577880859375,0.2552947998046875,0.375457763671875,0.2956695556640625,2.893218994140625,0.48916463410362193,1.577117919921875
objective_aware,1.0,6,"[[0,1,3,7,8,9,10,14,16,18,19,20,22,24,26,29,31,35,39,41,43,45,47,48,49,51,52,53,54,55,59],[2],[4],[5],[6],[11],[12],[13],[15],[17],[21],[23],[25],[27],[28],[30],[32],[33],[34],[36],[37],[38],[40],[42],[44],[46],[50],[56],[57],[58]]","[31,1,1,1,1,1,1,1,1,1,1,1,1,1,1,1,1,1,1,1,1,1,1,1,1,1,1,1,1,1]",30,6497,18376,20800,19863,0.0991363525390625,0.2803955078125,0.3173828125,0.3030853271484375,2.8244171142578125,0.7507160935991554,1.753387451171875
legacy_pairwise_hc,1.0,6,"[[0,1,3,7,8,9,10,14,16,18,19,20,22,24,26,29,31,35,39,41,43,45,47,48,49,51,52,53,54,55,59],[2],[4],[5],[6],[11],[12],[13],[15],[17],[21],[23],[25],[27],[28],[30],[32],[33],[34],[36],[37],[38],[40],[42],[44],[46],[50],[56],[57],[58]]","[31,1,1,1,1,1,1,1,1,1,1,1,1,1,1,1,1,1,1,1,1,1,1,1,1,1,1,1,1,1]",30,6497,18376,20800,19863,0.0991363525390625,0.2803955078125,0.3173828125,0.3030853271484375,2.8244171142578125,0.7507160935991554,1.753387451171875
objective_aware,1.0,7,"[[0,1,4,9,11,14,15,16,17,18,20,21,27,30,31,34,36,40,41,42,43,44,45,48,50,53,55,57,59],[2],[3],[5],[6],[7,46],[8],[10],[12],[13],[19],[22],[23],[24],[25],[26],[28],[29],[32],[33],[35],[37],[38,56],[39],[47],[49],[51],[52],[54],[58]]","[29,2,2,1,1,1,1,1,1,1,1,1,1,1,1,1,1,1,1,1,1,1,1,1,1,1,1,1,1,1]",30,3830,17385,24835,19486,0.058441162109375,0.2652740478515625,0.3789520263671875,0.297332763671875,2.9151763916015625,0.7539030260899487,1.5130615234375
legacy_pairwise_hc,1.0,7,"[[0,1,4,9,11,14,15,16,17,18,20,21,27,30,31,34,36,40,41,42,43,44,45,48,50,53,55,57,59],[2],[3],[5],[6],[7,46],[8],[10],[12],[13],[19],[22],[23],[24],[25],[26],[28],[29],[32],[33],[35],[37],[38,56],[39],[47],[49],[51],[52],[54],[58]]","[29,2,2,1,1,1,1,1,1,1,1,1,1,1,1,1,1,1,1,1,1,1,1,1,1,1,1,1,1,1]",30,3830,17385,24835,19486,0.058441162109375,0.2652740478515625,0.3789520263671875,0.297332763671875,2.9151763916015625,0.7539030260899487,1.5130615234375
objective_aware,1.0,8,"[[0],[1],[2],[3,4,5,7,8,9,10,14,16,17,19,25,26,28,29,30,32,34,36,38,40,41,42,43,46,47,53,54,57,58,59],[6],[11],[12],[13],[15],[18],[20],[21],[22],[23],[24],[27],[31],[33],[35],[37],[39],[44],[45],[48],[49],[50],[51],[52],[55],[56]]","[31,1,1,1,1,1,1,1,1,1,1,1,1,1,1,1,1,1,1,1,1,1,1,1,1,1,1,1,1,1]",30,4429,19051,22728,19328,0.0675811767578125,0.2906951904296875,0.3468017578125,0.294921875,2.8690643310546875,0.8200267832766297,1.6243743896484375
legacy_pairwise_hc,1.0,8,"[[0],[1],[2],[3,4,5,7,8,9,10,14,16,17,19,25,26,28,29,30,32,34,36,38,40,41,42,43,46,47,53,54,57,58,59],[6],[11],[12],[13],[15],[18],[20],[21],[22],[23],[24],[27],[31],[33],[35],[37],[39],[44],[45],[48],[49],[50],[51],[52],[55],[56]]","[31,1,1,1,1,1,1,1,1,1,1,1,1,1,1,1,1,1,1,1,1,1,1,1,1,1,1,1,1,1]",30,4429,19051,22728,19328,0.0675811767578125,0.2906951904296875,0.3468017578125,0.294921875,2.8690643310546875,0.8200267832766297,1.6243743896484375
objective_aware,1.0,9,"[[0,2,3,8,9,11,15,16,17,18,19,21,29,32,35,38,40,41,43,44,46,47,48,50,52,55,57,58,59],[1],[4],[5],[6,30],[7],[10],[12],[13],[14],[20],[22],[23,24],[25],[26],[27],[28],[31],[33],[34],[36],[37],[39],[42],[45],[49],[51],[53],[54],[56]]","[29,2,2,1,1,1,1,1,1,1,1,1,1,1,1,1,1,1,1,1,1,1,1,1,1,1,1,1,1,1]",30,3345,16833,25884,19474,0.0510406494140625,0.2568511962890625,0.39495849609375,0.297149658203125,2.9382171630859375,0.8456414433963159,1.462493896484375
legacy_pairwise_hc,1.0,9,"[[0,2,3,8,9,11,15,16,17,18,19,21,29,32,35,38,40,41,43,44,46,47,48,50,52,55,57,58,59],[1],[4],[5],[6,30],[7],[10],[12],[13],[14],[20],[22],[23,24],[25],[26],[27],[28],[31],[33],[34],[36],[37],[39],[42],[45],[49],[51],[53],[54],[56]]","[29,2,2,1,1,1,1,1,1,1,1,1,1,1,1,1,1,1,1,1,1,1,1,1,1,1,1,1,1,1]",30,3345,16833,25884,19474,0.0510406494140625,0.2568511962890625,0.39495849609375,0.297149658203125,2.9382171630859375,0.8456414433963159,1.462493896484375
objective_aware,1.0,10,"[[0,1,3,4,5,8,9,10,12,14,15,18,22,24,26,27,29,31,32,33,35,37,38,40,42,48,49,50,52,57,58],[2],[6],[7],[11],[13],[16],[17],[19],[20],[21],[23],[25],[28],[30],[34],[36],[39],[41],[43],[44],[45],[46],[47],[51],[53],[54],[55],[56],[59]]","[31,1,1,1,1,1,1,1,1,1,1,1,1,1,1,1,1,1,1,1,1,1,1,1,1,1,1,1,1,1]",30,5329,18733,22674,18800,0.0813140869140625,0.2858428955078125,0.345977783203125,0.286865234375,2.8383941650390625,0.9047547223747417,1.6913909912109375
legacy_pairwise_hc,1.0,10,"[[0,1,3,4,5,8,9,10,12,14,15,18,22,24,26,27,29,31,32,33,35,37,38,40,42,48,49,50,52,57,58],[2],[6],[7],[11],[13],[16],[17],[19],[20],[21],[23],[25],[28],[30],[34],[36],[39],[41],[43],[44],[45],[46],[47],[51],[53],[54],[55],[56],[59]]","[31,1,1,1,1,1,1,1,1,1,1,1,1,1,1,1,1,1,1,1,1,1,1,1,1,1,1,1,1,1]",30,5329,18733,22674,18800,0.0813140869140625,0.2858428955078125,0.345977783203125,0.286865234375,2.8383941650390625,0.9047547223747417,1.6913909912109375
objective_aware,1.0,11,"[[0,1,6,8,9,10,12,14,18,19,20,21,22,23,24,27,31,33,36,37,38,39,40,46,47,48,49,50,51,53,55],[2],[3],[4],[5],[7],[11],[13],[15],[16],[17],[25],[26],[28],[29],[30],[32],[34],[35],[41],[42],[43],[44],[45],[52],[54],[56],[57],[58],[59]]","[31,1,1,1,1,1,1,1,1,1,1,1,1,1,1,1,1,1,1,1,1,1,1,1,1,1,1,1,1,1]",30,4743,19109,21559,20125,0.0723724365234375,0.2915802001953125,0.3289642333984375,0.3070831298828125,2.870758056640625,0.9790257652600606,1.637939453125
legacy_pairwise_hc,1.0,11,"[[0,1,6,8,9,10,12,14,18,19,20,21,22,23,24,27,31,33,36,37,38,39,40,46,47,48,49,50,51,53,55],[2],[3],[4],[5],[7],[11],[13],[15],[16],[17],[25],[26],[28],[29],[30],[32],[34],[35],[41],[42],[43],[44],[45],[52],[54],[56],[57],[58],[59]]","[31,1,1,1,1,1,1,1,1,1,1,1,1,1,1,1,1,1,1,1,1,1,1,1,1,1,1,1,1,1]",30,4743,19109,21559,20125,0.0723724365234375,0.2915802001953125,0.3289642333984375,0.3070831298828125,2.870758056640625,0.9790257652600606,1.637939453125
objective_aware,1.0,12,"[[0],[1,2,3,6,8,11,14,15,18,23,24,25,28,29,32,35,36,37,38,39,40,41,44,46,47,50,51,52,54,55,57],[4],[5],[7],[9],[10],[12],[13],[16],[17],[19],[20],[21],[22],[26],[27],[30],[31],[33],[34],[42],[43],[45],[48],[49],[53],[56],[58],[59]]","[31,1,1,1,1,1,1,1,1,1,1,1,1,1,1,1,1,1,1,1,1,1,1,1,1,1,1,1,1,1]",30,7154,15232,21595,21555,0.109161376953125,0.232421875,0.3295135498046875,0.3289031982421875,2.8781585693359375,1.1281809465859527,1.6817474365234375
legacy_pairwise_hc,1.0,12,"[[0],[1,2,3,6,8,11,14,15,18,23,24,25,28,29,32,35,36,37,38,39,40,41,44,46,47,50,51,52,54,55,57],[4],[5],[7],[9],[10],[12],[13],[16],[17],[19],[20],[21],[22],[26],[27],[30],[31],[33],[34],[42],[43],[45],[48],[49],[53],[56],[58],[59]]","[31,1,1,1,1,1,1,1,1,1,1,1,1,1,1,1,1,1,1,1,1,1,1,1,1,1,1,1,1,1]",30,7154,15232,21595,21555,0.109161376953125,0.232421875,0.3295135498046875,0.3289031982421875,2.8781585693359375,1.1281809465859527,1.6817474365234375
objective_aware,1.0,13,"[[0],[1],[2],[3],[4,5,6,7,8,15,16,17,18,19,20,22,24,26,27,29,34,36,37,41,43,44,49,51,52,53,54,56,57,58,59],[9],[10],[11],[12],[13],[14],[21],[23],[25],[28],[30],[31],[32],[33],[35],[38],[39],[40],[42],[45],[46],[47],[48],[50],[55]]","[31,1,1,1,1,1,1,1,1,1,1,1,1,1,1,1,1,1,1,1,1,1,1,1,1,1,1,1,1,1]",30,4447,18504,23888,18697,0.0678558349609375,0.2823486328125,0.364501953125,0.2852935791015625,2.8672332763671875,1.297911956361545,1.618682861328125
legacy_pairwise_hc,1.0,13,"[[0],[1],[2],[3],[4,5,6,7,8,15,16,17,18,19,20,22,24,26,27,29,34,36,37,41,43,44,49,51,52,53,54,56,57,58,59],[9],[10],[11],[12],[13],[14],[21],[23],[25],[28],[30],[31],[32],[33],[35],[38],[39],[40],[42],[45],[46],[47],[48],[50],[55]]","[31,1,1,1,1,1,1,1,1,1,1,1,1,1,1,1,1,1,1,1,1,1,1,1,1,1,1,1,1,1]",30,4447,18504,23888,18697,0.0678558349609375,0.2823486328125,0.364501953125,0.2852935791015625,2.8672332763671875,1.297911956361545,1.618682861328125
objective_aware,1.0,14,"[[0,2,3,4,5,7,11,12,16,18,21,23,24,25,26,27,28,30,31,32,35,39,41,42,44,47,51,52,55,57,59],[1],[6],[8],[9],[10],[13],[14],[15],[17],[19],[20],[22],[29],[33],[34],[36],[37],[38],[40],[43],[45],[46],[48],[49],[50],[53],[54],[56],[58]]","[31,1,1,1,1,1,1,1,1,1,1,1,1,1,1,1,1,1,1,1,1,1,1,1,1,1,1,1,1,1]",30,4101,18978,23930,18527,0.0625762939453125,0.289581298828125,0.365142822265625,0.2826995849609375,2.8679656982421875,1.6400949173076178,1.609344482421875
legacy_pairwise_hc,1.0,14,"[[0,2,3,4,5,7,11,12,16,18,21,23,24,25,26,27,28,30,31,32,35,39,41,42,44,47,51,52,55,57,59],[1],[6],[8],[9],[10],[13],[14],[15],[17],[19],[20],[22],[29],[33],[34],[36],[37],[38],[40],[43],[45],[46],[48],[49],[50],[53],[54],[56],[58]]","[31,1,1,1,1,1,1,1,1,1,1,1,1,1,1,1,1,1,1,1,1,1,1,1,1,1,1,1,1,1]",30,4101,18978,23930,18527,0.0625762939453125,0.289581298828125,0.365142822265625,0.2826995849609375,2.8679656982421875,1.6400949173076178,1.609344482421875
objective_aware,1.0,15,"[[0],[1],[2],[3],[4],[5],[6,7,10,11,13,14,15,16,19,23,25,26,28,33,34,35,36,37,38,40,42,43,45,46,47,48,51,52,53,54,55],[8],[9],[12],[17],[18],[20],[21],[22],[24],[27],[29],[30],[31],[32],[39],[41],[44],[49],[50],[56],[57],[58],[59]]","[31,1,1,1,1,1,1,1,1,1,1,1,1,1,1,1,1,1,1,1,1,1,1,1,1,1,1,1,1,1]",30,7421,16524,20478,21113,0.1132354736328125,0.25213623046875,0.312469482421875,0.3221588134765625,2.8435516357421875,1.907741718138418,1.748291015625
legacy_pairwise_hc,1.0,15,"[[0],[1],[2],[3],[4],[5],[6,7,10,11,13,14,15,16,19,23,25,26,28,33,34,35,36,37,38,40,42,43,45,46,47,48,51,52,53,54,55],[8],[9],[12],[17],[18],[20],[21],[22],[24],[27],[29],[30],[31],[32],[39],[41],[44],[49],[50],[56],[57],[58],[59]]","[31,1,1,1,1,1,1,1,1,1,1,1,1,1,1,1,1,1,1,1,1,1,1,1,1,1,1,1,1,1]",30,7421,16524,20478,21113,0.1132354736328125,0.25213623046875,0.312469482421875,0.3221588134765625,2.8435516357421875,1.907741718138418,1.748291015625
objective_aware,1.0,16,"[[0],[1,5,6,10,12,14,15,16,18,20,21,22,25,26,27,28,29,31,32,33,34,36,38,43,44,47,48,51,52,55,57],[2],[3],[4],[7],[8],[9],[11],[13],[17],[19],[23],[24],[30],[35],[37],[39],[40],[41],[42],[45],[46],[49],[50],[53],[54],[56],[58],[59]]","[31,1,1,1,1,1,1,1,1,1,1,1,1,1,1,1,1,1,1,1,1,1,1,1,1,1,1,1,1,1]",30,5942,17398,21782,20414,0.090667724609375,0.265472412109375,0.332366943359375,0.311492919921875,2.86468505859375,1.9733143116838188,1.67279052734375
legacy_pairwise_hc,1.0,16,"[[0],[1,5,6,10,12,14,15,16,18,20,21,22,25,26,27,28,29,31,32,33,34,36,38,43,44,47,48,51,52,55,57],[2],[3],[4],[7],[8],[9],[11],[13],[17],[19],[23],[24],[30],[35],[37],[39],[40],[41],[42],[45],[46],[49],[50],[53],[54],[56],[58],[59]]","[31,1,1,1,1,1,1,1,1,1,1,1,1,1,1,1,1,1,1,1,1,1,1,1,1,1,1,1,1,1]",30,5942,17398,21782,20414,0.090667724609375,0.265472412109375,0.332366943359375,0.311492919921875,2.86468505859375,1.9733143116838188,1.67279052734375
objective_aware,1.0,17,"[[0,3,6,7,9,13,14,15,16,18,21,24,26,29,31,33,34,40,41,42,44,45,48,50,51,52,54,55,56,57,58],[1],[2],[4],[5],[8],[10],[11],[12],[17],[19],[20],[22],[23],[25],[27],[28],[30],[32],[35],[36],[37],[38],[39],[43],[46],[47],[49],[53],[59]]","[31,1,1,1,1,1,1,1,1,1,1,1,1,1,1,1,1,1,1,1,1,1,1,1,1,1,1,1,1,1]",30,9194,14889,17372,24081,0.140289306640625,0.2271881103515625,0.26507568359375,0.3674468994140625,2.85968017578125,2.1300945912638016,1.7883758544921875
legacy_pairwise_hc,1.0,17,"[[0,3,6,7,9,13,14,15,16,18,21,24,26,29,31,33,34,40,41,42,44,45,48,50,51,52,54,55,56,57,58],[1],[2],[4],[5],[8],[10],[11],[12],[17],[19],[20],[22],[23],[25],[27],[28],[30],[32],[35],[36],[37],[38],[39],[43],[46],[47],[49],[53],[59]]","[31,1,1,1,1,1,1,1,1,1,1,1,1,1,1,1,1,1,1,1,1,1,1,1,1,1,1,1,1,1]",30,9194,14889,17372,24081,0.140289306640625,0.2271881103515625,0.26507568359375,0.3674468994140625,2.85968017578125,2.1300945912638016,1.7883758544921875
objective_aware,1.0,18,"[[0,2,5,6,8,9,11,12,13,15,16,17,18,21,25,26,29,33,34,40,41,42,44,48,49,54,55,56,57,58,59],[1],[3],[4],[7],[10],[14],[19],[20],[22],[23],[24],[27],[28],[30],[31],[32],[35],[36],[37],[38],[39],[43],[45],[46],[47],[50],[51],[52],[53]]","[31,1,1,1,1,1,1,1,1,1,1,1,1,1,1,1,1,1,1,1,1,1,1,1,1,1,1,1,1,1]",30,8645,14440,21135,21316,0.1319122314453125,0.2203369140625,0.3224945068359375,0.32525634765625,2.841094970703125,2.1914526390772995,1.7749786376953125
legacy_pairwise_hc,1.0,18,"[[0,2,5,6,8,9,11,12,13,15,16,17,18,21,25,26,29,33,34,40,41,42,44,48,49,54,55,56,57,58,59],[1],[3],[4],[7],[10],[14],[19],[20],[22],[23],[24],[27],[28],[30],[31],[32],[35],[36],[37],[38],[39],[43],[45],[46],[47],[50],[51],[52],[53]]","[31,1,1,1,1,1,1,1,1,1,1,1,1,1,1,1,1,1,1,1,1,1,1,1,1,1,1,1,1,1]",30,8645,14440,21135,21316,0.1319122314453125,0.2203369140625,0.3224945068359375,0.32525634765625,2.841094970703125,2.1914526390772995,1.7749786376953125
objective_aware,1.0,19,"[[0,5,6,7,8,11,12,16,17,20,21,22,24,28,30,31,33,34,35,36,37,38,39,43,47,50,52,54,55,56,59],[1],[2],[3],[4],[9],[10],[13],[14],[15],[18],[19],[23],[25],[26],[27],[29],[32],[40],[41],[42],[44],[45],[46],[48],[49],[51],[53],[57],[58]]","[31,1,1,1,1,1,1,1,1,1,1,1,1,1,1,1,1,1,1,1,1,1,1,1,1,1,1,1,1,1]",30,8520,14223,20643,22150,0.1300048828125,0.2170257568359375,0.3149871826171875,0.337982177734375,2.8609466552734375,2.4491676479257563,1.74609375
legacy_pairwise_hc,1.0,19,"[[0,5,6,7,8,11,12,16,17,20,21,22,24,28,30,31,33,34,35,36,37,38,39,43,47,50,52,54,55,56,59],[1],[2],[3],[4],[9],[10],[13],[14],[15],[18],[19],[23],[25],[26],[27],[29],[32],[40],[41],[42],[44],[45],[46],[48],[49],[51],[53],[57],[58]]","[31,1,1,1,1,1,1,1,1,1,1,1,1,1,1,1,1,1,1,1,1,1,1,1,1,1,1,1,1,1]",30,8520,14223,20643,22150,0.1300048828125,0.2170257568359375,0.3149871826171875,0.337982177734375,2.8609466552734375,2.4491676479257563,1.74609375
objective_aware,1.0,20,"[[0],[1,2,4,6,7,8,9,10,11,14,16,17,18,21,28,29,30,32,34,39,40,43,45,48,49,50,51,53,56,57,58],[3],[5],[12],[13],[15],[19],[20],[22],[23],[24],[25],[26],[27],[31],[33],[35],[36],[37],[38],[41],[42],[44],[46],[47],[52],[54],[55],[59]]","[31,1,1,1,1,1,1,1,1,1,1,1,1,1,1,1,1,1,1,1,1,1,1,1,1,1,1,1,1,1]",30,8339,14644,19528,23025,0.1272430419921875,0.22344970703125,0.2979736328125,0.3513336181640625,2.8733978271484375,2.8614776206272903,1.731781005859375
legacy_pairwise_hc,1.0,20,"[[0],[1,2,4,6,7,8,9,10,11,14,16,17,18,21,28,29,30,32,34,39,40,43,45,48,49,50,51,53,56,57,58],[3],[5],[12],[13],[15],[19],[20],[22],[23],[24],[25],[26],[27],[31],[33],[35],[36],[37],[38],[41],[42],[44],[46],[47],[52],[54],[55],[59]]","[31,1,1,1,1,1,1,1,1,1,1,1,1,1,1,1,1,1,1,1,1,1,1,1,1,1,1,1,1,1]",30,8339,14644,19528,23025,0.1272430419921875,0.22344970703125,0.2979736328125,0.3513336181640625,2.8733978271484375,2.8614776206272903,1.731781005859375
objective_aware,1.0,21,"[[0,1,2,4,5,6,9,11,12,17,18,20,22,27,30,33,34,36,38,40,41,43,44,45,47,48,49,51,56,58,59],[3],[7],[8],[10],[13],[14],[15],[16],[19],[21],[23],[24],[25],[26],[28],[29],[31],[32],[35],[37],[39],[42],[46],[50],[52],[53],[54],[55],[57]]","[31,1,1,1,1,1,1,1,1,1,1,1,1,1,1,1,1,1,1,1,1,1,1,1,1,1,1,1,1,1]",30,5526,17424,22482,20104,0.084320068359375,0.265869140625,0.343048095703125,0.3067626953125,2.87225341796875,3.3263187610974874,1.646575927734375
legacy_pairwise_hc,1.0,21,"[[0,1,2,4,5,6,9,11,12,17,18,20,22,27,30,33,34,36,38,40,41,43,44,45,47,48,49,51,56,58,59],[3],[7],[8],[10],[13],[14],[15],[16],[19],[21],[23],[24],[25],[26],[28],[29],[31],[32],[35],[37],[39],[42],[46],[50],[52],[53],[54],[55],[57]]","[31,1,1,1,1,1,1,1,1,1,1,1,1,1,1,1,1,1,1,1,1,1,1,1,1,1,1,1,1,1]",30,5526,17424,22482,20104,0.084320068359375,0.265869140625,0.343048095703125,0.3067626953125,2.87225341796875,3.3263187610974874,1.646575927734375
objective_aware,1.0,22,"[[0,1,3,7,8,13,16,18,20,21,22,23,24,25,26,27,29,30,31,33,36,38,39,40,43,46,50,53,55,56,58],[2],[4],[5],[6],[9],[10],[11],[12],[14],[15],[17],[19],[28],[32],[34],[35],[37],[41],[42],[44],[45],[47],[48],[49],[51],[52],[54],[57],[59]]","[31,1,1,1,1,1,1,1,1,1,1,1,1,1,1,1,1,1,1,1,1,1,1,1,1,1,1,1,1,1]",30,5918,15984,23359,20275,0.090301513671875,0.243896484375,0.3564300537109375,0.3093719482421875,2.8848724365234375,4.266343430037139,1.6299285888671875
legacy_pairwise_hc,1.0,22,"[[0,1,3,7,8,13,16,18,20,21,22,23,24,25,26,27,29,30,31,33,36,38,39,40,43,46,50,53,55,56,58],[2],[4],[5],[6],[9],[10],[11],[12],[14],[15],[17],[19],[28],[32],[34],[35],[37],[41],[42],[44],[45],[47],[48],[49],[51],[52],[54],[57],[59]]","[31,1,1,1,1,1,1,1,1,1,1,1,1,1,1,1,1,1,1,1,1,1,1,1,1,1,1,1,1,1]",30,5918,15984,23359,20275,0.090301513671875,0.243896484375,0.3564300537109375,0.3093719482421875,2.8848724365234375,4.266343430037139,1.6299285888671875
objective_aware,1.0,23,"[[0,2,6,7,8,9,12,14,17,18,19,23,25,28,30,31,32,33,34,35,36,39,40,41,42,43,51,53,55,57,59],[1],[3],[4],[5],[10],[11],[13],[15],[16],[20],[21],[22],[24],[26],[27],[29],[37],[38],[44],[45],[46],[47],[48],[49],[50],[52],[54],[56],[58]]","[31,1,1,1,1,1,1,1,1,1,1,1,1,1,1,1,1,1,1,1,1,1,1,1,1,1,1,1,1,1]",30,4401,15857,22545,22733,0.0671539306640625,0.2419586181640625,0.3440093994140625,0.3468780517578125,2.970611572265625,5.742817459311537,1.472808837890625
legacy_pairwise_hc,1.0,23,"[[0,2,6,7,8,9,12,14,17,18,19,23,25,28,30,31,32,33,34,35,36,39,40,41,42,43,51,53,55,57,59],[1],[3],[4],[5],[10],[11],[13],[15],[16],[20],[21],[22],[24],[26],[27],[29],[37],[38],[44],[45],[46],[47],[48],[49],[50],[52],[54],[56],[58]]","[31,1,1,1,1,1,1,1,1,1,1,1,1,1,1,1,1,1,1,1,1,1,1,1,1,1,1,1,1,1]",30,4401,15857,22545,22733,0.0671539306640625,0.2419586181640625,0.3440093994140625,0.3468780517578125,2.970611572265625,5.742817459311537,1.472808837890625
objective_aware,0.9,0,"[[0,1,3,7,8,11,12,13,14,15,16,17,20,21,22,23,24,27,29,30,35,44,47,48,49,52,53,54,55,56,57],[2],[4],[5],[6],[9],[10],[18],[19],[25],[26],[28],[31],[32],[33],[34],[36],[37],[38],[39],[40],[41],[42],[43],[45],[46],[50],[51],[58],[59]]","[31,1,1,1,1,1,1,1,1,1,1,1,1,1,1,1,1,1,1,1,1,1,1,1,1,1,1,1,1,1]",30,8142,17061,19731,20602,0.124237060546875,0.2603302001953125,0.3010711669921875,0.314361572265625,2.8055572509765625,0.22184961912452533,1.827484130859375
legacy_pairwise_hc,0.9,0,"[[0,1,7,8,11,12,13,14,15,16,17,20,21,22,23,24,27,29,30,35,44,47,48,49,52,53,54,55,56,57],[2],[3],[4],[5],[6],[9],[10,34],[18],[19],[25],[26],[28],[31],[32],[33],[36],[37],[38],[39],[40],[41],[42],[43],[45],[46],[50],[51],[58],[59]]","[30,2,1,1,1,1,1,1,1,1,1,1,1,1,1,1,1,1,1,1,1,1,1,1,1,1,1,1,1,1]",30,6838,17243,20652,20803,0.104339599609375,0.2631072998046875,0.31512451171875,0.3174285888671875,2.84564208984375,0.21764808086627122,1.7206573486328125
objective_aware,0.9,1,"[[0],[1,2,4,5,6,7,9,11,12,13,14,15,20,25,28,29,30,31,32,37,39,41,43,48,49,50,51,54,55,57,58],[3],[8],[10],[16],[17],[18],[19],[21],[22],[23],[24],[26],[27],[33],[34],[35],[36],[38],[40],[42],[44],[45],[46],[47],[52],[53],[56],[59]]","[31,1,1,1,1,1,1,1,1,1,1,1,1,1,1,1,1,1,1,1,1,1,1,1,1,1,1,1,1,1]",30,7483,16177,23060,18816,0.1141815185546875,0.2468414306640625,0.35186767578125,0.287109375,2.8119049072265625,0.3313087030444094,1.7774810791015625
legacy_pairwise_hc,0.9,1,"[[0],[1,2,4,5,6,7,8,9,11,12,13,14,15,20,25,28,29,30,31,32,37,39,41,43,49,50,51,54,55,57,58],[3],[10],[16],[17],[18],[19],[21],[22],[23],[24],[26],[27],[33],[34],[35],[36],[38],[40],[42],[44],[45],[46],[47],[48],[52],[53],[56],[59]]","[31,1,1,1,1,1,1,1,1,1,1,1,1,1,1,1,1,1,1,1,1,1,1,1,1,1,1,1,1,1]",30,7927,15342,22624,19643,0.1209564208984375,0.234100341796875,0.34521484375,0.2997283935546875,2.8237152099609375,0.3309164027052541,1.77325439453125
objective_aware,0.9,2,"[[0],[1,3,4,5,7,10,13,15,17,19,20,21,22,25,28,29,30,31,33,34,35,36,39,40,41,48,49,50,51,53,58],[2],[6],[8],[9],[11],[12],[14],[16],[18],[23],[24],[26],[27],[32],[37],[38],[42],[43],[44],[45],[46],[47],[52],[54],[55],[56],[57],[59]]","[31,1,1,1,1,1,1,1,1,1,1,1,1,1,1,1,1,1,1,1,1,1,1,1,1,1,1,1,1,1]",30,8292,15165,19870,22209,0.12652587890625,0.2313995361328125,0.303192138671875,0.3388824462890625,2.85443115234375,0.37237948845791563,1.7565460205078125
legacy_pairwise_hc,0.9,2,"[[0],[1,3,4,5,7,8,10,13,15,17,19,20,21,22,25,28,29,30,31,33,34,36,39,40,41,48,49,50,51,53,58],[2],[6],[9],[11],[12],[14],[16],[18],[23],[24],[26],[27],[32],[35],[37],[38],[42],[43],[44],[45],[46],[47],[52],[54],[55],[56],[57],[59]]","[31,1,1,1,1,1,1,1,1,1,1,1,1,1,1,1,1,1,1,1,1,1,1,1,1,1,1,1,1,1]",30,7616,14880,20877,22163,0.1162109375,0.22705078125,0.3185577392578125,0.3381805419921875,2.8787078857421875,0.3713128383441638,1.6969757080078125
objective_aware,0.9,3,"[[0],[1],[2,5,6,8,10,11,16,18,20,21,22,27,28,29,31,32,34,35,37,39,42,44,45,48,49,50,52,54,56,58,59],[3],[4],[7],[9],[12],[13],[14],[15],[17],[19],[23],[24],[25],[26],[30],[33],[36],[38],[40],[41],[43],[46],[47],[51],[53],[55],[57]]","[31,1,1,1,1,1,1,1,1,1,1,1,1,1,1,1,1,1,1,1,1,1,1,1,1,1,1,1,1,1]",30,8245,16365,19034,21892,0.1258087158203125,0.2497100830078125,0.290435791015625,0.33404541015625,2.8327178955078125,0.3938415693339481,1.7944183349609375
legacy_pairwise_hc,0.9,3,"[[0],[1],[2,6,8,10,11,18,20,21,22,27,28,32,34,35,37,39,42,44,45,48,50,52,54,56,58,59],[3,13],[4],[5,16,31],[7],[9],[12],[14],[15],[17],[19,47],[23],[24],[25],[26],[29,38],[30],[33],[36],[40],[41],[43],[46],[49],[51],[53],[55],[57]]","[26,3,2,2,2,1,1,1,1,1,1,1,1,1,1,1,1,1,1,1,1,1,1,1,1,1,1,1,1,1]",30,5086,14679,21788,23983,0.077606201171875,0.2239837646484375,0.33245849609375,0.3659515380859375,2.98675537109375,0.38333066055421744,1.4551849365234375
objective_aware,0.9,4,"[[0,3,6,7,9,14,15,16,18,20,21,22,24,25,26,27,28,29,30,40,41,44,45,46,47,50,51,54,55,58,59],[1],[2],[4],[5],[8],[10],[11],[12],[13],[17],[19],[23],[31],[32],[33],[34],[35],[36],[37],[38],[39],[42],[43],[48],[49],[52],[53],[56],[57]]","[31,1,1,1,1,1,1,1,1,1,1,1,1,1,1,1,1,1,1,1,1,1,1,1,1,1,1,1,1,1]",30,9314,15250,17997,22975,0.142120361328125,0.232696533203125,0.2746124267578125,0.3505706787109375,2.8336334228515625,0.41273578225925406,1.8254241943359375
legacy_pairwise_hc,0.9,4,"[[0,1,3,6,7,8,14,15,16,18,20,21,22,24,25,26,27,28,29,30,40,41,44,45,46,47,51,54,55,58,59],[2],[4],[5],[9],[10],[11],[12],[13],[17],[19],[23],[31],[32],[33],[34],[35],[36],[37],[38],[39],[42],[43],[48],[49],[50],[52],[53],[56],[57]]","[31,1,1,1,1,1,1,1,1,1,1,1,1,1,1,1,1,1,1,1,1,1,1,1,1,1,1,1,1,1]",30,8082,16352,18037,23065,0.123321533203125,0.24951171875,0.2752227783203125,0.3519439697265625,2.8557891845703125,0.4116718002544936,1.7636871337890625
objective_aware,0.9,5,"[[0,6,7,8,9,11,12,13,17,20,21,23,24,25,26,27,28,30,33,34,36,39,41,44,47,50,51,52,54,57,58],[1],[2],[3],[4],[5],[10],[14],[15],[16],[18],[19],[22],[29],[31],[32],[35],[37],[38],[40],[42],[43],[45],[46],[48],[49],[53],[55],[56],[59]]","[31,1,1,1,1,1,1,1,1,1,1,1,1,1,1,1,1,1,1,1,1,1,1,1,1,1,1,1,1,1]",30,5439,18072,23700,18325,0.0829925537109375,0.2757568359375,0.36163330078125,0.2796173095703125,2.8378753662109375,0.4926518832483599,1.686859130859375
legacy_pairwise_hc,0.9,5,"[[0,6,7,8,11,13,20,21,23,24,25,26,27,28,30,34,39,41,44,51,54,58],[1],[2],[3],[4],[5],[9],[10],[12,31,33,40,50],[14],[15],[16],[17,43,47,52],[18],[19],[22],[29],[32],[35],[36],[37,57],[38],[42],[45],[46],[48],[49],[53,55],[56],[59]]","[22,5,4,2,2,1,1,1,1,1,1,1,1,1,1,1,1,1,1,1,1,1,1,1,1,1,1,1,1,1]",30,2328,13015,27056,23137,0.0355224609375,0.1985931396484375,0.412841796875,0.3530426025390625,3.083404541015625,0.46863902429021503,1.193267822265625
objective_aware,0.9,6,"[[0,1,3,8,9,10,14,16,18,19,20,22,24,26,29,31,35,39,41,43,44,45,47,48,49,51,52,53,54,55,59],[2],[4],[5],[6],[7],[11],[12],[13],[15],[17],[21],[23],[25],[27],[28],[30],[32],[33],[34],[36],[37],[38],[40],[42],[46],[50],[56],[57],[58]]","[31,1,1,1,1,1,1,1,1,1,1,1,1,1,1,1,1,1,1,1,1,1,1,1,1,1,1,1,1,1]",30,6797,18257,20720,19762,0.1037139892578125,0.2785797119140625,0.316162109375,0.301544189453125,2.8155364990234375,0.7517098505650798,1.7741851806640625
legacy_pairwise_hc,0.9,6,"[[0,1,3,7,8,9,10,14,16,18,19,20,22,24,26,29,31,35,39,41,43,45,47,48,49,51,52,53,54,55,59],[2],[4],[5],[6],[11],[12],[13],[15],[17],[21],[23],[25],[27],[28],[30],[32],[33],[34],[36],[37],[38],[40],[42],[44],[46],[50],[56],[57],[58]]","[31,1,1,1,1,1,1,1,1,1,1,1,1,1,1,1,1,1,1,1,1,1,1,1,1,1,1,1,1,1]",30,6497,18376,20800,19863,0.0991363525390625,0.2803955078125,0.3173828125,0.3030853271484375,2.8244171142578125,0.7507160935991554,1.753387451171875
objective_aware,0.9,7,"[[0,1,3,4,6,9,11,14,15,16,17,18,20,21,27,30,31,34,36,38,40,41,42,43,44,45,46,48,55,57,59],[2],[5],[7],[8],[10],[12],[13],[19],[22],[23],[24],[25],[26],[28],[29],[32],[33],[35],[37],[39],[47],[49],[50],[51],[52],[53],[54],[56],[58]]","[31,1,1,1,1,1,1,1,1,1,1,1,1,1,1,1,1,1,1,1,1,1,1,1,1,1,1,1,1,1]",30,7138,18862,19613,19923,0.108917236328125,0.287811279296875,0.2992706298828125,0.3040008544921875,2.7983551025390625,0.7671796385959913,1.8162078857421875
legacy_pairwise_hc,0.9,7,"[[0,1,4,6,9,14,15,16,17,18,21,27,30,31,34,36,38,40,41,42,43,44,45,48,56,57,59],[2],[3],[5],[7,46],[8],[10],[11],[12],[13],[19],[20,24],[22],[23],[25],[26],[28],[29],[32],[33],[35,53],[37],[39],[47],[49],[50],[51],[52],[54,55],[58]]","[27,2,2,2,2,1,1,1,1,1,1,1,1,1,1,1,1,1,1,1,1,1,1,1,1,1,1,1,1,1]",30,4514,16238,22786,21998,0.068878173828125,0.247772216796875,0.347686767578125,0.335662841796875,2.95013427734375,0.7537161788470309,1.4868316650390625
objective_aware,0.9,8,"[[0],[1],[2],[3,4,5,7,8,9,14,15,16,17,19,25,26,28,29,30,32,34,36,38,40,41,42,43,45,46,53,54,57,58,59],[6],[10],[11],[12],[13],[18],[20],[21],[22],[23],[24],[27],[31],[33],[35],[37],[39],[44],[47],[48],[49],[50],[51],[52],[55],[56]]","[31,1,1,1,1,1,1,1,1,1,1,1,1,1,1,1,1,1,1,1,1,1,1,1,1,1,1,1,1,1]",30,5649,19321,21196,19370,0.0861968994140625,0.2948150634765625,0.32342529296875,0.295562744140625,2.8283538818359375,0.8217497115494102,1.7250518798828125
legacy_pairwise_hc,0.9,8,"[[0],[1],[2,13],[3,4,5,8,9,14,16,17,19,25,26,28,29,30,32,34,36,38,40,41,42,43,45,46,53,54,57,58,59],[6],[7],[10,21],[11],[12],[15],[18],[20],[22],[23],[24],[27],[31],[33],[35],[37],[39],[44],[47],[48],[49],[50],[51],[52],[55],[56]]","[29,2,2,1,1,1,1,1,1,1,1,1,1,1,1,1,1,1,1,1,1,1,1,1,1,1,1,1,1,1]",30,4163,17487,23625,20261,0.0635223388671875,0.2668304443359375,0.3604888916015625,0.3091583251953125,2.915283203125,0.812330980219093,1.5353240966796875
objective_aware,0.9,9,"[[0,2,3,6,8,9,11,15,17,18,19,21,30,32,35,36,38,40,41,43,44,46,47,48,50,52,54,55,57,58,59],[1],[4],[5],[7],[10],[12],[13],[14],[16],[20],[22],[23],[24],[25],[26],[27],[28],[29],[31],[33],[34],[37],[39],[42],[45],[49],[51],[53],[56]]","[31,1,1,1,1,1,1,1,1,1,1,1,1,1,1,1,1,1,1,1,1,1,1,1,1,1,1,1,1,1]",30,5337,19797,22709,17693,0.0814361572265625,0.3020782470703125,0.3465118408203125,0.2699737548828125,2.805023193359375,0.8606203076659992,1.741363525390625
legacy_pairwise_hc,0.9,9,"[[0,2,3,8,9,11,15,16,17,18,19,21,29,35,38,40,41,43,44,46,48,50,52,55,57,58,59],[1],[4],[5],[6,13,30],[7],[10],[12],[14],[20],[22],[23,24,54],[25],[26],[27],[28],[31],[32],[33],[34],[36],[37],[39],[42],[45],[47],[49],[51],[53],[56]]","[27,3,3,1,1,1,1,1,1,1,1,1,1,1,1,1,1,1,1,1,1,1,1,1,1,1,1,1,1,1]",30,2550,16781,25850,20355,0.038909912109375,0.2560577392578125,0.394439697265625,0.3105926513671875,2.976715087890625,0.8358642408827773,1.377166748046875
objective_aware,0.9,10,"[[0],[1,3,4,5,8,9,10,12,14,18,21,22,24,26,27,29,31,32,33,35,37,38,39,40,42,48,49,51,52,57,58],[2],[6],[7],[11],[13],[15],[16],[17],[19],[20],[23],[25],[28],[30],[34],[36],[41],[43],[44],[45],[46],[47],[50],[53],[54],[55],[56],[59]]","[31,1,1,1,1,1,1,1,1,1,1,1,1,1,1,1,1,1,1,1,1,1,1,1,1,1,1,1,1,1]",30,8010,18804,18418,20304,0.122222900390625,0.28692626953125,0.281036376953125,0.309814453125,2.7784423828125,0.912889003369116,1.875152587890625
legacy_pairwise_hc,0.9,10,"[[0,15,36],[1,3,4,5,8,9,10,14,18,26,27,29,31,33,35,40,42,48,49,51,52,57,58],[2],[6],[7],[11],[12,38,39],[13,22],[16],[17,50],[19],[20],[21,32,47],[23],[24],[25],[28],[30],[34],[37],[41],[43],[44],[45],[46],[53],[54],[55],[56],[59]]","[23,3,3,3,2,2,1,1,1,1,1,1,1,1,1,1,1,1,1,1,1,1,1,1,1,1,1,1,1,1]",30,1887,15289,25428,22932,0.0287933349609375,0.2332916259765625,0.38800048828125,0.34991455078125,3.0590362548828125,0.8789662145303957,1.215789794921875
objective_aware,0.9,11,"[[0,1,6,8,10,12,14,18,19,20,21,22,23,24,27,31,33,36,37,38,39,40,43,46,47,48,49,50,51,53,55],[2],[3],[4],[5],[7],[9],[11],[13],[15],[16],[17],[25],[26],[28],[29],[30],[32],[34],[35],[41],[42],[44],[45],[52],[54],[56],[57],[58],[59]]","[31,1,1,1,1,1,1,1,1,1,1,1,1,1,1,1,1,1,1,1,1,1,1,1,1,1,1,1,1,1]",30,4857,19689,21952,19038,0.0741119384765625,0.3004302978515625,0.3349609375,0.290496826171875,2.8418426513671875,0.9817910070060402,1.6809234619140625
legacy_pairwise_hc,0.9,11,"[[0,1,6,8,10,12,14,18,19,20,21,22,23,24,27,31,33,36,37,38,39,40,46,48,49,51,53,55],[2,4],[3],[5],[7,47],[9,43],[11],[13],[15],[16],[17],[25],[26],[28],[29],[30],[32],[34],[35],[41],[42],[44],[45],[50],[52],[54],[56],[57],[58],[59]]","[28,2,2,2,1,1,1,1,1,1,1,1,1,1,1,1,1,1,1,1,1,1,1,1,1,1,1,1,1,1]",30,3362,17065,23783,21326,0.051300048828125,0.2603912353515625,0.3628997802734375,0.325408935546875,2.9624176025390625,0.9458143024306911,1.4332122802734375
objective_aware,0.9,12,"[[0],[1,2,3,6,8,9,11,14,15,18,23,25,28,29,32,35,36,37,38,39,40,41,44,46,47,50,51,52,54,55,57],[4],[5],[7],[10],[12],[13],[16],[17],[19],[20],[21],[22],[24],[26],[27],[30],[31],[33],[34],[42],[43],[45],[48],[49],[53],[56],[58],[59]]","[31,1,1,1,1,1,1,1,1,1,1,1,1,1,1,1,1,1,1,1,1,1,1,1,1,1,1,1,1,1]",30,6588,17074,20896,20978,0.10052490234375,0.260528564453125,0.31884765625,0.320098876953125,2.8585205078125,1.1294971340446063,1.703582763671875
legacy_pairwise_hc,0.9,12,"[[0,51],[1,2,3,6,8,11,14,15,23,28,29,32,35,36,37,38,39,40,41,44,46,50,54,55],[4],[5],[7],[9,25,33],[10],[12],[13],[16],[17],[18,24,47,53],[19],[20],[21],[22],[26],[27,52],[30],[31],[34],[42],[43],[45],[48],[49],[56],[57],[58],[59]]","[24,4,3,2,2,1,1,1,1,1,1,1,1,1,1,1,1,1,1,1,1,1,1,1,1,1,1,1,1,1]",30,4384,13910,23430,23812,0.06689453125,0.212249755859375,0.357513427734375,0.36334228515625,3.017303466796875,1.0927552881971885,1.35772705078125
objective_aware,0.9,13,"[[0],[1],[2],[3],[4,5,6,7,8,15,16,17,18,19,20,22,24,26,27,29,34,36,37,41,43,44,49,51,52,53,54,56,57,58,59],[9],[10],[11],[12],[13],[14],[21],[23],[25],[28],[30],[31],[32],[33],[35],[38],[39],[40],[42],[45],[46],[47],[48],[50],[55]]","[31,1,1,1,1,1,1,1,1,1,1,1,1,1,1,1,1,1,1,1,1,1,1,1,1,1,1,1,1,1]",30,4447,18504,23888,18697,0.0678558349609375,0.2823486328125,0.364501953125,0.2852935791015625,2.8672332763671875,1.297911956361545,1.618682861328125
legacy_pairwise_hc,0.9,13,"[[0],[1],[2],[3],[4,5,6,7,8,15,16,17,18,19,20,22,24,26,27,29,34,36,37,41,43,44,49,51,52,53,54,56,57,58,59],[9],[10],[11],[12],[13],[14],[21],[23],[25],[28],[30],[31],[32],[33],[35],[38],[39],[40],[42],[45],[46],[47],[48],[50],[55]]","[31,1,1,1,1,1,1,1,1,1,1,1,1,1,1,1,1,1,1,1,1,1,1,1,1,1,1,1,1,1]",30,4447,18504,23888,18697,0.0678558349609375,0.2823486328125,0.364501953125,0.2852935791015625,2.8672332763671875,1.297911956361545,1.618682861328125
objective_aware,0.9,14,"[[0,2,3,4,5,7,11,12,16,18,21,23,24,25,26,27,28,30,31,32,35,39,41,42,44,47,51,52,55,57,59],[1],[6],[8],[9],[10],[13],[14],[15],[17],[19],[20],[22],[29],[33],[34],[36],[37],[38],[40],[43],[45],[46],[48],[49],[50],[53],[54],[56],[58]]","[31,1,1,1,1,1,1,1,1,1,1,1,1,1,1,1,1,1,1,1,1,1,1,1,1,1,1,1,1,1]",30,4101,18978,23930,18527,0.0625762939453125,0.289581298828125,0.365142822265625,0.2826995849609375,2.8679656982421875,1.6400949173076178,1.609344482421875
legacy_pairwise_hc,0.9,14,"[[0,40],[1],[2,3,4,5,7,11,12,13,16,21,23,24,25,26,27,28,30,31,32,35,39,41,42,44,47,51,52,55,57,59],[6],[8],[9],[10],[14],[15],[17],[18],[19],[20],[22],[29],[33],[34],[36],[37],[38],[43],[45],[46],[48],[49],[50],[53],[54],[56],[58]]","[30,2,1,1,1,1,1,1,1,1,1,1,1,1,1,1,1,1,1,1,1,1,1,1,1,1,1,1,1,1]",30,3900,18260,23733,19643,0.05950927734375,0.27862548828125,0.3621368408203125,0.2997283935546875,2.9020843505859375,1.631949644296541,1.5491485595703125
objective_aware,0.9,15,"[[0],[1],[2],[3],[4],[5],[6,7,10,13,14,15,16,18,19,23,25,26,28,33,34,35,36,37,38,40,42,43,45,46,47,48,51,52,53,54,55],[8],[9],[11],[12],[17],[20],[21],[22],[24],[27],[29],[30],[31],[32],[39],[41],[44],[49],[50],[56],[57],[58],[59]]","[31,1,1,1,1,1,1,1,1,1,1,1,1,1,1,1,1,1,1,1,1,1,1,1,1,1,1,1,1,1]",30,8146,16352,19746,21292,0.124298095703125,0.24951171875,0.301300048828125,0.32489013671875,2.8267822265625,1.9144595771707513,1.795623779296875
legacy_pairwise_hc,0.9,15,"[[0],[1],[2],[3,25],[4,30],[5],[6,50],[7,10,13,14,15,16,19,23,26,28,33,34,35,37,38,40,42,43,45,46,47,48,52,53,54,55],[8,24],[9],[11],[12],[17],[18],[20],[21],[22],[27],[29],[31,36],[32],[39],[41],[44],[49],[51],[56],[57],[58],[59]]","[26,2,2,2,2,2,1,1,1,1,1,1,1,1,1,1,1,1,1,1,1,1,1,1,1,1,1,1,1,1]",30,4815,14431,25027,21263,0.0734710693359375,0.2201995849609375,0.3818817138671875,0.3244476318359375,2.957305908203125,1.8481012929569591,1.464691162109375
objective_aware,0.9,16,"[[0],[1,5,6,10,12,14,15,16,18,20,21,22,25,26,27,28,29,31,32,33,34,38,41,43,44,47,48,51,52,55,57],[2],[3],[4],[7],[8],[9],[11],[13],[17],[19],[23],[24],[30],[35],[36],[37],[39],[40],[42],[45],[46],[49],[50],[53],[54],[56],[58],[59]]","[31,1,1,1,1,1,1,1,1,1,1,1,1,1,1,1,1,1,1,1,1,1,1,1,1,1,1,1,1,1]",30,6804,18048,19456,21228,0.10382080078125,0.275390625,0.296875,0.32391357421875,2.84088134765625,1.9785634835561117,1.7459716796875
legacy_pairwise_hc,0.9,16,"[[0],[1,5,6,10,12,14,15,16,18,20,21,22,25,26,28,29,31,32,33,38,43,44,47,48,51,52,55,57],[2,8],[3],[4],[7,36],[9],[11],[13],[17,34],[19],[23],[24],[27],[30],[35],[37],[39],[40],[41],[42],[45],[46],[49],[50],[53],[54],[56],[58],[59]]","[28,2,2,2,1,1,1,1,1,1,1,1,1,1,1,1,1,1,1,1,1,1,1,1,1,1,1,1,1,1]",30,5314,15413,26048,18761,0.081085205078125,0.2351837158203125,0.3974609375,0.2862701416015625,2.888916015625,1.9159138781504994,1.5835113525390625
objective_aware,0.9,17,"[[0,3,6,7,9,13,15,16,18,21,24,26,27,29,31,33,34,40,41,42,44,45,48,50,51,52,54,55,56,57,58],[1],[2],[4],[5],[8],[10],[11],[12],[14],[17],[19],[20],[22],[23],[25],[28],[30],[32],[35],[36],[37],[38],[39],[43],[46],[47],[49],[53],[59]]","[31,1,1,1,1,1,1,1,1,1,1,1,1,1,1,1,1,1,1,1,1,1,1,1,1,1,1,1,1,1]",30,9525,15425,16581,24005,0.1453399658203125,0.2353668212890625,0.2530059814453125,0.3662872314453125,2.840240478515625,2.140814531490367,1.831146240234375
legacy_pairwise_hc,0.9,17,"[[0,3,6,7,9,13,14,15,16,18,21,24,26,29,31,33,34,40,41,42,44,45,48,50,51,52,54,55,56,57,58],[1],[2],[4],[5],[8],[10],[11],[12],[17],[19],[20],[22],[23],[25],[27],[28],[30],[32],[35],[36],[37],[38],[39],[43],[46],[47],[49],[53],[59]]","[31,1,1,1,1,1,1,1,1,1,1,1,1,1,1,1,1,1,1,1,1,1,1,1,1,1,1,1,1,1]",30,9194,14889,17372,24081,0.140289306640625,0.2271881103515625,0.26507568359375,0.3674468994140625,2.85968017578125,2.1300945912638016,1.7883758544921875
objective_aware,0.9,18,"[[0,2,5,6,8,9,11,12,13,15,16,17,18,21,25,26,29,33,34,40,41,42,44,48,49,54,55,56,57,58,59],[1],[3],[4],[7],[10],[14],[19],[20],[22],[23],[24],[27],[28],[30],[31],[32],[35],[36],[37],[38],[39],[43],[45],[46],[47],[50],[51],[52],[53]]","[31,1,1,1,1,1,1,1,1,1,1,1,1,1,1,1,1,1,1,1,1,1,1,1,1,1,1,1,1,1]",30,8645,14440,21135,21316,0.1319122314453125,0.2203369140625,0.3224945068359375,0.32525634765625,2.841094970703125,2.1914526390772995,1.7749786376953125
legacy_pairwise_hc,0.9,18,"[[0,2,5,6,8,9,11,12,13,15,16,17,18,21,25,26,29,33,34,40,41,42,44,48,49,54,55,57,58,59],[1,39],[3],[4],[7],[10],[14],[19],[20],[22],[23],[24],[27],[28],[30],[31],[32],[35],[36],[37],[38],[43],[45],[46],[47],[50],[51],[52],[53],[56]]","[30,2,1,1,1,1,1,1,1,1,1,1,1,1,1,1,1,1,1,1,1,1,1,1,1,1,1,1,1,1]",30,8186,14133,20951,22266,0.124908447265625,0.2156524658203125,0.3196868896484375,0.339752197265625,2.8742828369140625,2.160384844202514,1.709747314453125
objective_aware,0.9,19,"[[0,5,6,7,8,11,12,16,17,20,21,22,24,28,30,31,33,34,35,36,37,39,43,44,47,50,52,54,55,56,59],[1],[2],[3],[4],[9],[10],[13],[14],[15],[18],[19],[23],[25],[26],[27],[29],[32],[38],[40],[41],[42],[45],[46],[48],[49],[51],[53],[57],[58]]","[31,1,1,1,1,1,1,1,1,1,1,1,1,1,1,1,1,1,1,1,1,1,1,1,1,1,1,1,1,1]",30,8966,15091,18996,22483,0.136810302734375,0.2302703857421875,0.28985595703125,0.3430633544921875,2.83917236328125,2.4682156916587585,1.8015289306640625
legacy_pairwise_hc,0.9,19,"[[0,5,6,7,8,11,12,16,17,20,21,24,28,30,31,33,34,35,36,37,38,39,43,44,47,50,52,54,55,59],[1],[2],[3],[4],[9],[10],[13],[14],[15],[18],[19],[22,56],[23],[25],[26],[27],[29],[32],[40],[41],[42],[45],[46],[48],[49],[51],[53],[57],[58]]","[30,2,1,1,1,1,1,1,1,1,1,1,1,1,1,1,1,1,1,1,1,1,1,1,1,1,1,1,1,1]",30,8200,14267,19432,23637,0.1251220703125,0.2176971435546875,0.2965087890625,0.3606719970703125,2.892730712890625,2.4290347383656634,1.6961212158203125
objective_aware,0.9,20,"[[0],[1,2,4,6,7,8,9,10,11,14,16,17,18,28,29,30,32,34,39,40,43,45,47,48,49,50,51,53,56,57,58],[3],[5],[12],[13],[15],[19],[20],[21],[22],[23],[24],[25],[26],[27],[31],[33],[35],[36],[37],[38],[41],[42],[44],[46],[52],[54],[55],[59]]","[31,1,1,1,1,1,1,1,1,1,1,1,1,1,1,1,1,1,1,1,1,1,1,1,1,1,1,1,1,1]",30,8955,14577,18973,23031,0.1366424560546875,0.2224273681640625,0.2895050048828125,0.3514251708984375,2.855712890625,2.8705331310149163,1.776641845703125
legacy_pairwise_hc,0.9,20,"[[0],[1,2,4,6,7,8,9,10,11,14,16,17,18,21,28,29,30,32,34,39,40,43,45,48,49,50,51,53,56,57,58],[3],[5],[12],[13],[15],[19],[20],[22],[23],[24],[25],[26],[27],[31],[33],[35],[36],[37],[38],[41],[42],[44],[46],[47],[52],[54],[55],[59]]","[31,1,1,1,1,1,1,1,1,1,1,1,1,1,1,1,1,1,1,1,1,1,1,1,1,1,1,1,1,1]",30,8339,14644,19528,23025,0.1272430419921875,0.22344970703125,0.2979736328125,0.3513336181640625,2.8733978271484375,2.8614776206272903,1.731781005859375
objective_aware,0.9,21,"[[0,1,2,5,6,9,11,12,17,18,20,23,24,27,30,33,34,36,38,40,41,43,44,45,47,48,49,51,56,58,59],[3],[4],[7],[8],[10],[13],[14],[15],[16],[19],[21],[22],[25],[26],[28],[29],[31],[32],[35],[37],[39],[42],[46],[50],[52],[53],[54],[55],[57]]","[31,1,1,1,1,1,1,1,1,1,1,1,1,1,1,1,1,1,1,1,1,1,1,1,1,1,1,1,1,1]",30,7575,16239,20450,21272,0.1155853271484375,0.2477874755859375,0.312042236328125,0.3245849609375,2.8456268310546875,3.3466323855102704,1.7489166259765625
legacy_pairwise_hc,0.9,21,"[[0,1,2,5,6,9,11,12,17,18,20,24,27,30,33,34,36,38,40,41,43,44,45,47,48,49,51,56,58,59],[3],[4],[7],[8],[10],[13],[14],[15],[16],[19],[21],[22],[23,39],[25],[26],[28],[29],[31],[32],[35],[37],[42],[46],[50],[52],[53],[54],[55],[57]]","[30,2,1,1,1,1,1,1,1,1,1,1,1,1,1,1,1,1,1,1,1,1,1,1,1,1,1,1,1,1]",30,6999,15757,21016,21764,0.1067962646484375,0.2404327392578125,0.3206787109375,0.33209228515625,2.8780670166015625,3.2906873649960264,1.6668701171875
objective_aware,0.9,22,"[[0,1,3,7,13,16,18,20,21,22,23,24,25,26,27,29,30,31,33,36,38,39,40,43,46,50,51,53,55,56,58],[2],[4],[5],[6],[8],[9],[10],[11],[12],[14],[15],[17],[19],[28],[32],[34],[35],[37],[41],[42],[44],[45],[47],[48],[49],[52],[54],[57],[59]]","[31,1,1,1,1,1,1,1,1,1,1,1,1,1,1,1,1,1,1,1,1,1,1,1,1,1,1,1,1,1]",30,6145,16159,22698,20534,0.0937652587890625,0.2465667724609375,0.346343994140625,0.313323974609375,2.8792266845703125,4.275939294856082,1.6486358642578125
legacy_pairwise_hc,0.9,22,"[[0,3,7,8,13,16,18,20,22,23,24,25,26,27,29,30,31,33,36,38,39,40,43,46,50,53,55,56,58],[1],[2,21],[4],[5],[6,51],[9],[10],[11],[12],[14],[15],[17],[19],[28],[32],[34],[35],[37],[41],[42],[44],[45],[47],[48],[49],[52],[54],[57],[59]]","[29,2,2,1,1,1,1,1,1,1,1,1,1,1,1,1,1,1,1,1,1,1,1,1,1,1,1,1,1,1]",30,5124,14673,23810,21929,0.07818603515625,0.2238922119140625,0.363311767578125,0.3346099853515625,2.954345703125,4.144447317894767,1.4949188232421875
objective_aware,0.9,23,"[[0,2,6,7,8,9,12,14,17,18,19,21,23,25,28,30,31,32,33,34,36,39,40,41,42,43,49,51,53,55,57],[1],[3],[4],[5],[10],[11],[13],[15],[16],[20],[22],[24],[26],[27],[29],[35],[37],[38],[44],[45],[46],[47],[48],[50],[52],[54],[56],[58],[59]]","[31,1,1,1,1,1,1,1,1,1,1,1,1,1,1,1,1,1,1,1,1,1,1,1,1,1,1,1,1,1]",30,5712,17605,20315,21904,0.087158203125,0.2686309814453125,0.3099822998046875,0.334228515625,2.8912811279296875,5.923755395540627,1.638824462890625
legacy_pairwise_hc,0.9,23,"[[0,2,6,7,8,9,12,14,17,18,19,23,25,28,31,32,33,34,36,39,40,41,42,43,51,53,55,57,59],[1,30],[3],[4],[5,21],[10],[11],[13],[15],[16],[20],[22],[24],[26],[27],[29],[35],[37],[38],[44],[45],[46],[47],[48],[49],[50],[52],[54],[56],[58]]","[29,2,2,1,1,1,1,1,1,1,1,1,1,1,1,1,1,1,1,1,1,1,1,1,1,1,1,1,1,1]",30,3947,15717,23281,22591,0.0602264404296875,0.2398223876953125,0.3552398681640625,0.3447113037109375,2.98443603515625,5.579442432113722,1.4091949462890625
objective_aware,0.75,0,"[[0,1,3,7,11,12,13,14,15,16,17,20,21,22,23,24,27,29,30,35,38,44,47,48,49,52,53,54,55,56,57],[2],[4],[5],[6],[8],[9],[10],[18],[19],[25],[26],[28],[31],[32],[33],[34],[36],[37],[39],[40],[41],[42],[43],[45],[46],[50],[51],[58],[59]]","[31,1,1,1,1,1,1,1,1,1,1,1,1,1,1,1,1,1,1,1,1,1,1,1,1,1,1,1,1,1]",30,7819,18319,19684,19714,0.1193084716796875,0.2795257568359375,0.30035400390625,0.300811767578125,2.7826690673828125,0.22518033292344822,1.8547821044921875
legacy_pairwise_hc,0.75,0,"[[0,7,11,12,13,15,16,17,20,21,22,24,27,29,30,35,44,47,48,49,52,54,56,57],[1,36],[2,19],[3],[4],[5],[6],[8,42],[9],[10,34,50],[14],[18],[23,32],[25],[26],[28],[31],[33],[37],[38],[39],[40],[41],[43],[45],[46],[51],[53,55],[58],[59]]","[24,3,2,2,2,2,2,1,1,1,1,1,1,1,1,1,1,1,1,1,1,1,1,1,1,1,1,1,1,1]",30,3308,13606,26252,22370,0.05047607421875,0.207611083984375,0.40057373046875,0.341339111328125,3.03277587890625,0.20032294729435948,1.3046417236328125
objective_aware,0.75,1,"[[0],[1,2,4,5,6,7,9,11,12,13,14,15,20,25,29,30,31,32,37,38,39,41,43,48,49,50,51,54,55,57,58],[3],[8],[10],[16],[17],[18],[19],[21],[22],[23],[24],[26],[27],[28],[33],[34],[35],[36],[40],[42],[44],[45],[46],[47],[52],[53],[56],[59]]","[31,1,1,1,1,1,1,1,1,1,1,1,1,1,1,1,1,1,1,1,1,1,1,1,1,1,1,1,1,1]",30,7069,16971,23407,18089,0.1078643798828125,0.2589569091796875,0.3571624755859375,0.2760162353515625,2.80133056640625,0.3328406582276026,1.781219482421875
legacy_pairwise_hc,0.75,1,"[[0,33],[1,4,5,6,7,9,11,12,14,15,20,25,31,32,39,41,43,49,50,54,55,57,58],[2,17,37],[3],[8],[10],[13,29,51],[16],[18],[19],[21,38],[22,28],[23],[24],[26],[27],[30,44],[34],[35],[36],[40],[42],[45],[46],[47],[48],[52],[53],[56],[59]]","[23,3,3,2,2,2,2,1,1,1,1,1,1,1,1,1,1,1,1,1,1,1,1,1,1,1,1,1,1,1]",30,4966,10018,22377,28175,0.075775146484375,0.152862548828125,0.3414459228515625,0.4299163818359375,3.1255035400390625,0.30194803284828203,1.2353057861328125
objective_aware,0.75,2,"[[0],[1,3,4,5,7,10,13,15,17,19,20,21,22,25,26,28,29,30,31,33,35,36,39,40,41,47,48,49,50,53,58],[2],[6],[8],[9],[11],[12],[14],[16],[18],[23],[24],[27],[32],[34],[37],[38],[42],[43],[44],[45],[46],[51],[52],[54],[55],[56],[57],[59]]","[31,1,1,1,1,1,1,1,1,1,1,1,1,1,1,1,1,1,1,1,1,1,1,1,1,1,1,1,1,1]",30,9040,14988,19933,21575,0.137939453125,0.22869873046875,0.3041534423828125,0.3292083740234375,2.8246307373046875,0.37679169222872744,1.8178863525390625
legacy_pairwise_hc,0.75,2,"[[0],[1,3,4,5,7,13,17,19,20,22,25,28,29,30,31,33,36,39,40,41,48,49,58],[2],[6],[8],[9],[10],[11],[12,15,50],[14],[16],[18],[21,53],[23,47],[24],[26,35],[27],[32,56],[34,55],[37],[38],[42],[43],[44],[45,46],[51],[52],[54],[57],[59]]","[23,3,2,2,2,2,2,2,1,1,1,1,1,1,1,1,1,1,1,1,1,1,1,1,1,1,1,1,1,1]",30,3881,11619,23379,26657,0.0592193603515625,0.1772918701171875,0.3567352294921875,0.4067535400390625,3.11102294921875,0.3524370438042488,1.2189788818359375
objective_aware,0.75,3,"[[0],[1],[2,3,5,6,8,10,15,16,18,19,22,25,26,29,30,31,32,33,34,35,37,39,40,44,45,47,48,49,52,57,58],[4],[7],[9],[11],[12],[13],[14],[17],[20],[21],[23],[24],[27],[28],[36],[38],[41],[42],[43],[46],[50],[51],[53],[54],[55],[56],[59]]","[31,1,1,1,1,1,1,1,1,1,1,1,1,1,1,1,1,1,1,1,1,1,1,1,1,1,1,1,1,1]",30,7466,19291,20250,18529,0.113922119140625,0.2943572998046875,0.308990478515625,0.2827301025390625,2.760528564453125,0.4433297821270522,1.8755950927734375
legacy_pairwise_hc,0.75,3,"[[0,12],[1,21,44],[2,8],[3,13],[4],[5,16,31],[6,10,18,22,32,34,35,39,45,48,52,56],[7,23],[9],[11,42],[14],[15,30],[17],[19,40,47],[20,27,28,54],[24],[25,26],[29,38],[33],[36],[37],[41],[43],[46],[49],[50,58,59],[51],[53],[55],[57]]","[12,4,3,3,3,3,2,2,2,2,2,2,2,2,1,1,1,1,1,1,1,1,1,1,1,1,1,1,1,1]",30,711,6912,26186,31727,0.0108489990234375,0.10546875,0.399566650390625,0.4841156005859375,3.3569488525390625,0.3708647350254266,0.75750732421875
objective_aware,0.75,4,"[[0,1,3,6,7,9,14,15,16,18,20,21,22,24,25,26,27,28,29,30,39,41,44,45,46,47,50,51,54,55,58],[2],[4],[5],[8],[10],[11],[12],[13],[17],[19],[23],[31],[32],[33],[34],[35],[36],[37],[38],[40],[42],[43],[48],[49],[52],[53],[56],[57],[59]]","[31,1,1,1,1,1,1,1,1,1,1,1,1,1,1,1,1,1,1,1,1,1,1,1,1,1,1,1,1,1]",30,9771,16215,16621,22929,0.1490936279296875,0.2474212646484375,0.2536163330078125,0.3498687744140625,2.80426025390625,0.42088472798306453,1.89044189453125
legacy_pairwise_hc,0.75,4,"[[0,3,6,9,16,18,20,21,22,24,25,26,27,28,29,41,44,45,46,51,54,55,58,59],[1,15],[2],[4],[5],[7,30],[8],[10],[11],[12,14,34],[13],[17],[19],[23],[31],[32,47],[33],[35,49,52],[36],[37],[38],[39],[40],[42],[43],[48],[50],[53],[56],[57]]","[24,3,3,2,2,2,1,1,1,1,1,1,1,1,1,1,1,1,1,1,1,1,1,1,1,1,1,1,1,1]",30,5657,13512,22294,24073,0.0863189697265625,0.2061767578125,0.340179443359375,0.3673248291015625,2.9885101318359375,0.3969836924159736,1.4624481201171875
objective_aware,0.75,5,"[[0,2,7,8,9,11,12,13,20,21,23,24,25,26,27,29,30,31,33,34,37,39,40,41,44,50,51,54,56,57,58],[1],[3],[4],[5],[6],[10],[14],[15],[16],[17],[18],[19],[22],[28],[32],[35],[36],[38],[42],[43],[45],[46],[47],[48],[49],[52],[53],[55],[59]]","[31,1,1,1,1,1,1,1,1,1,1,1,1,1,1,1,1,1,1,1,1,1,1,1,1,1,1,1,1,1]",30,9326,15910,18717,21583,0.142303466796875,0.242767333984375,0.2855987548828125,0.3293304443359375,2.8019561767578125,0.5085661870817985,1.8677215576171875
legacy_pairwise_hc,0.75,5,"[[0,7,8,13,20,21,24,25,26,27,28,30,34,39,41,44],[1,6,11,36],[2],[3],[4],[5],[9],[10],[12,31,33,40,50],[14,17,43,47,52],[15],[16],[18],[19],[22],[23],[29],[32,56],[35],[37,57],[38],[42],[45],[46],[48],[49],[51,58],[53,55],[54],[59]]","[16,5,5,4,2,2,2,2,1,1,1,1,1,1,1,1,1,1,1,1,1,1,1,1,1,1,1,1,1,1]",30,1674,10362,26852,26648,0.025543212890625,0.158111572265625,0.40972900390625,0.4066162109375,3.197418212890625,0.46550774296124775,1.009613037109375
objective_aware,0.75,6,"[[0,1,3,8,9,10,14,20,22,24,26,27,28,29,31,32,33,34,35,36,41,43,44,45,47,49,51,52,54,55,59],[2],[4],[5],[6],[7],[11],[12],[13],[15],[16],[17],[18],[19],[21],[23],[25],[30],[37],[38],[39],[40],[42],[46],[48],[50],[53],[56],[57],[58]]","[31,1,1,1,1,1,1,1,1,1,1,1,1,1,1,1,1,1,1,1,1,1,1,1,1,1,1,1,1,1]",30,10487,16619,16406,22024,0.1600189208984375,0.2535858154296875,0.250335693359375,0.3360595703125,2.7624359130859375,0.8052936353350199,1.9712066650390625
legacy_pairwise_hc,0.75,6,"[[0,1,3,8,10,16,18,19,22,29,31,33,43,45,47,48,49,51,52,53,54,55,59],[2],[4],[5,30],[6],[7,41],[9,36],[11],[12],[13],[14],[15],[17],[20,32],[21],[23],[24,26,27,35],[25],[28,34],[37],[38],[39],[40],[42],[44],[46],[50],[56],[57],[58]]","[23,4,2,2,2,2,2,1,1,1,1,1,1,1,1,1,1,1,1,1,1,1,1,1,1,1,1,1,1,1]",30,2552,13660,24797,24527,0.0389404296875,0.20843505859375,0.3783721923828125,0.3742523193359375,3.0879364013671875,0.7294860808461001,1.206268310546875
objective_aware,0.75,7,"[[0,1,3,4,7,9,11,14,15,16,17,18,20,21,23,24,27,30,31,34,36,38,40,41,42,43,44,45,46,56,57],[2],[5],[6],[8],[10],[12],[13],[19],[22],[25],[26],[28],[29],[32],[33],[35],[37],[39],[47],[48],[49],[50],[51],[52],[53],[54],[55],[58],[59]]","[31,1,1,1,1,1,1,1,1,1,1,1,1,1,1,1,1,1,1,1,1,1,1,1,1,1,1,1,1,1]",30,9148,17550,17973,20865,0.13958740234375,0.267791748046875,0.2742462158203125,0.3183746337890625,2.7714080810546875,0.7822115144421977,1.9151458740234375
legacy_pairwise_hc,0.75,7,"[[0,6,14,40],[1,9,16,20,27,31,57],[2],[3],[4,15,17,18,21,30,34,42,44,45],[5,43],[7,41,46],[8],[10,37],[11],[12],[13],[19,24],[22],[23],[25,50],[26],[28],[29],[32,59],[33],[35,53],[36,38,56],[39,48],[47],[49],[51],[52],[54,55],[58]]","[10,7,4,3,3,2,2,2,2,2,2,2,2,1,1,1,1,1,1,1,1,1,1,1,1,1,1,1,1,1]",30,498,8871,27027,29140,0.007598876953125,0.1353607177734375,0.4123992919921875,0.44464111328125,3.2940826416015625,0.7309085699014886,0.81805419921875
objective_aware,0.75,8,"[[0],[1,5,7,8,9,10,14,15,16,18,21,23,26,27,28,30,32,34,36,38,40,42,43,46,48,50,53,55,57,58,59],[2],[3],[4],[6],[11],[12],[13],[17],[19],[20],[22],[24],[25],[29],[31],[33],[35],[37],[39],[41],[44],[45],[47],[49],[51],[52],[54],[56]]","[31,1,1,1,1,1,1,1,1,1,1,1,1,1,1,1,1,1,1,1,1,1,1,1,1,1,1,1,1,1]",30,10791,18453,14313,21979,0.1646575927734375,0.2815704345703125,0.2183990478515625,0.3353729248046875,2.7244873046875,0.8742830712308166,2.051055908203125
legacy_pairwise_hc,0.75,8,"[[0],[1,5,7,14,26,32,36,42,57],[2,13],[3,4,8,9,16,30,34,40,43,46],[6],[10,21],[11],[12],[15],[17,19,25,28,29,41,45,54,59],[18],[20],[22],[23,38,53],[24],[27],[31],[33],[35],[37],[39],[44],[47],[48],[49],[50,58],[51],[52],[55],[56]]","[10,9,9,3,2,2,2,1,1,1,1,1,1,1,1,1,1,1,1,1,1,1,1,1,1,1,1,1,1,1]",30,1728,10819,24876,28113,0.0263671875,0.1650848388671875,0.37957763671875,0.4289703369140625,3.211151123046875,0.7936503543117182,1.0113525390625
objective_aware,0.75,9,"[[0,2,3,7,8,9,11,17,19,20,21,23,24,27,32,35,36,38,40,41,43,44,46,48,50,52,54,55,57,58,59],[1],[4],[5],[6],[10],[12],[13],[14],[15],[16],[18],[22],[25],[26],[28],[29],[30],[31],[33],[34],[37],[39],[42],[45],[47],[49],[51],[53],[56]]","[31,1,1,1,1,1,1,1,1,1,1,1,1,1,1,1,1,1,1,1,1,1,1,1,1,1,1,1,1,1]",30,8687,18566,18810,19473,0.1325531005859375,0.283294677734375,0.287017822265625,0.2971343994140625,2.7487335205078125,0.8832778406399553,1.932220458984375
legacy_pairwise_hc,0.75,9,"[[0,2,3,9,11,16,17,18,21,35,40,41,43,46,48,50,52,58],[1],[4],[5],[6,13,15,30,44,51],[7],[8,19,20,59],[10],[12],[14],[22],[23,24,54],[25],[26],[27,57],[28],[29],[31],[32],[33],[34],[36],[37],[38,55],[39,49],[42],[45],[47],[53],[56]]","[18,6,4,3,2,2,2,1,1,1,1,1,1,1,1,1,1,1,1,1,1,1,1,1,1,1,1,1,1,1]",30,1170,11990,27434,24942,0.017852783203125,0.182952880859375,0.418609619140625,0.380584716796875,3.16192626953125,0.810179689195421,1.0382843017578125
objective_aware,0.75,10,"[[0,1,3,5,8,9,10,12,14,15,18,21,24,26,27,29,31,32,33,35,36,38,39,47,48,49,51,52,54,57,58],[2],[4],[6],[7],[11],[13],[16],[17],[19],[20],[22],[23],[25],[28],[30],[34],[37],[40],[41],[42],[43],[44],[45],[46],[50],[53],[55],[56],[59]]","[31,1,1,1,1,1,1,1,1,1,1,1,1,1,1,1,1,1,1,1,1,1,1,1,1,1,1,1,1,1]",30,10473,17013,16033,22017,0.1598052978515625,0.2595977783203125,0.2446441650390625,0.3359527587890625,2.756744384765625,0.9377074531329576,1.982269287109375
legacy_pairwise_hc,0.75,10,"[[0,15,36],[1,8,10,14,27,29,35,42,45,49,58],[2],[3],[4,9,59],[5,18,24,33,48],[6],[7,17,50],[11],[12,26,37,38,39],[13,22],[16],[19],[20],[21,31,32,47,57],[23],[25],[28],[30],[34],[40],[41],[43],[44],[46],[51,52],[53],[54],[55],[56]]","[11,5,5,5,3,3,3,2,2,1,1,1,1,1,1,1,1,1,1,1,1,1,1,1,1,1,1,1,1,1]",30,945,10983,26050,27558,0.0144195556640625,0.1675872802734375,0.397491455078125,0.420501708984375,3.2240753173828125,0.8919233605265617,0.94683837890625
objective_aware,0.75,11,"[[0,1,5,6,8,10,11,14,18,19,20,21,23,27,28,30,33,35,36,37,38,40,43,46,48,49,50,51,53,55,58],[2],[3],[4],[7],[9],[12],[13],[15],[16],[17],[22],[24],[25],[26],[29],[31],[32],[34],[39],[41],[42],[44],[45],[47],[52],[54],[56],[57],[59]]","[31,1,1,1,1,1,1,1,1,1,1,1,1,1,1,1,1,1,1,1,1,1,1,1,1,1,1,1,1,1]",30,11274,15569,16879,21814,0.172027587890625,0.2375640869140625,0.2575531005859375,0.332855224609375,2.7512359619140625,1.1408787773501488,2.002410888671875
legacy_pairwise_hc,0.75,11,"[[0,8,55],[1,18],[2,4],[3],[5],[6,10,19,20,21,23,24,27,38,48],[7,12,14,22,31,37,39,40,46],[9,43,53],[11,28,51,58],[13],[15],[16],[17],[25],[26,33],[29,56],[30,35,49],[32],[34],[36],[41],[42],[44],[45],[47],[50],[52],[54],[57],[59]]","[10,9,4,3,3,3,2,2,2,2,1,1,1,1,1,1,1,1,1,1,1,1,1,1,1,1,1,1,1,1]",30,1200,12080,28617,23639,0.018310546875,0.184326171875,0.4366607666015625,0.3607025146484375,3.1397552490234375,0.9814869344234467,1.06304931640625
objective_aware,0.75,12,"[[0,1,2,3,4,6,8,9,12,14,15,23,25,27,28,32,33,35,38,40,41,43,44,46,48,50,51,52,54,55,57],[5],[7],[10],[11],[13],[16],[17],[18],[19],[20],[21],[22],[24],[26],[29],[30],[31],[34],[36],[37],[39],[42],[45],[47],[49],[53],[56],[58],[59]]","[31,1,1,1,1,1,1,1,1,1,1,1,1,1,1,1,1,1,1,1,1,1,1,1,1,1,1,1,1,1]",30,14464,14200,12353,24519,0.220703125,0.2166748046875,0.1884918212890625,0.3741302490234375,2.7160491943359375,1.2651502431079906,2.1627349853515625
legacy_pairwise_hc,0.75,12,"[[0,12,51],[1,8,28,35,50,55],[2,11,36,37,39],[3,6,14,15,23,41,44,46,54],[4,57],[5],[7,32],[9,25,33],[10],[13],[16],[17,18,47,53],[19],[20],[21],[22],[24,40],[26,30],[27,38,52],[29],[31],[34],[42],[43],[45],[48],[49],[56],[58],[59]]","[9,6,5,4,3,3,3,2,2,2,2,1,1,1,1,1,1,1,1,1,1,1,1,1,1,1,1,1,1,1]",30,1181,12462,24634,27259,0.0180206298828125,0.190155029296875,0.375885009765625,0.4159393310546875,3.1897430419921875,1.1064086154103279,1.004730224609375
objective_aware,0.75,13,"[[0],[1],[2,4,5,7,8,13,16,17,18,19,22,24,26,27,31,32,33,34,37,41,43,44,49,50,51,52,53,54,56,57,58],[3],[6],[9],[10],[11],[12],[14],[15],[20],[21],[23],[25],[28],[29],[30],[35],[36],[38],[39],[40],[42],[45],[46],[47],[48],[55],[59]]","[31,1,1,1,1,1,1,1,1,1,1,1,1,1,1,1,1,1,1,1,1,1,1,1,1,1,1,1,1,1]",30,8655,18526,17188,21167,0.1320648193359375,0.282684326171875,0.26226806640625,0.3229827880859375,2.7761688232421875,1.378102098357293,1.9027099609375
legacy_pairwise_hc,0.75,13,"[[0],[1],[2,33],[3],[4,5,7,8,15,16,17,18,27,29,34,36,37,41,43,44,51,52,53,54,56,58],[6,20,57],[9,38],[10],[11],[12],[13,14],[19,32],[21],[22,59],[23],[24,31],[25],[26],[28],[30,35],[39],[40],[42],[45],[46],[47],[48],[49],[50],[55]]","[22,3,2,2,2,2,2,2,2,1,1,1,1,1,1,1,1,1,1,1,1,1,1,1,1,1,1,1,1,1]",30,1181,12638,31648,20069,0.0180206298828125,0.192840576171875,0.48291015625,0.3062286376953125,3.0773468017578125,1.2162106277042404,1.11944580078125
objective_aware,0.75,14,"[[0,2,3,6,7,11,13,16,18,19,20,21,23,24,25,26,27,28,30,31,32,39,41,44,47,51,52,55,56,57,59],[1],[4],[5],[8],[9],[10],[12],[14],[15],[17],[22],[29],[33],[34],[35],[36],[37],[38],[40],[42],[43],[45],[46],[48],[49],[50],[53],[54],[58]]","[31,1,1,1,1,1,1,1,1,1,1,1,1,1,1,1,1,1,1,1,1,1,1,1,1,1,1,1,1,1]",30,10258,16888,14982,23408,0.156524658203125,0.2576904296875,0.228607177734375,0.357177734375,2.78643798828125,1.7295455553198373,1.940826416015625
legacy_pairwise_hc,0.75,14,"[[0,36,40],[1],[2,3,4,5,11,23,25,26,27,30,42,44,47,51,52,55,59],[6],[7,16,20,21,24,32],[8,9],[10,33],[12,15],[13,57],[14],[17],[18],[19],[22,31],[28,41],[29],[34,53],[35],[37],[38],[39],[43],[45],[46],[48],[49],[50],[54],[56],[58]]","[17,6,3,2,2,2,2,2,2,2,1,1,1,1,1,1,1,1,1,1,1,1,1,1,1,1,1,1,1,1]",30,1130,11318,30001,23087,0.017242431640625,0.172698974609375,0.4577789306640625,0.3522796630859375,3.1450958251953125,1.5888110539927986,1.0182037353515625
objective_aware,0.75,15,"[[0,26,52],[1,2,6,7,10,11,15,16,18,21,23,25,31,33,34,35,36,38,39,40,41,42,45,46,48,50,53,54,55],[3],[4],[5],[8],[9],[12],[13],[14],[17],[19],[20],[22],[24],[27],[28],[29],[30],[32],[37],[43],[44],[47],[49],[51],[56],[57],[58],[59]]","[29,3,1,1,1,1,1,1,1,1,1,1,1,1,1,1,1,1,1,1,1,1,1,1,1,1,1,1,1,1]",30,14734,12811,13307,24684,0.224822998046875,0.1954803466796875,0.2030487060546875,0.37664794921875,2.7315216064453125,2.1761985670383517,2.13494873046875
legacy_pairwise_hc,0.75,15,"[[0,26,47,52],[1,2],[3,25],[4,30],[5],[6,50],[7,10,23,33,34,38,46,54,55],[8,20,24],[9],[11],[12,56],[13],[14,43],[15,40,42,48,53],[16,35],[17],[18],[19],[21],[22],[27],[28,37],[29,58,59],[31,36,45],[32,57],[39],[41],[44],[49],[51]]","[9,5,4,3,3,3,2,2,2,2,2,2,2,2,2,1,1,1,1,1,1,1,1,1,1,1,1,1,1,1]",30,956,12266,28635,23679,0.01458740234375,0.187164306640625,0.4369354248046875,0.3613128662109375,3.1449737548828125,1.955984013421195,1.0512542724609375
objective_aware,0.75,16,"[[0],[1],[2,8],[3],[4,5,11,14,15,16,18,20,21,22,25,27,28,29,31,32,33,34,38,40,41,43,44,46,47,48,51,52,55,59],[6],[7],[9],[10],[12],[13],[17],[19],[23],[24],[26],[30],[35],[36],[37],[39],[42],[45],[49],[50],[53],[54],[56],[57],[58]]","[30,2,1,1,1,1,1,1,1,1,1,1,1,1,1,1,1,1,1,1,1,1,1,1,1,1,1,1,1,1]",30,13371,15624,13392,23149,0.2040252685546875,0.2384033203125,0.204345703125,0.3532257080078125,2.7067718505859375,2.182042511231309,2.135284423828125
legacy_pairwise_hc,0.75,16,"[[0,12],[1,6,10,57],[2,8],[3],[4],[5,14,15,16,21,22,25,28,31,32,33,43,47,48,51,52,55],[7,36,53],[9,17,34],[11],[13],[18,38],[19],[20,59],[23],[24],[26,49],[27,58],[29,41],[30],[35],[37],[39],[40],[42],[44],[45],[46],[50],[54],[56]]","[17,4,3,3,2,2,2,2,2,2,2,1,1,1,1,1,1,1,1,1,1,1,1,1,1,1,1,1,1,1]",30,2316,13327,29554,20339,0.03533935546875,0.2033538818359375,0.450958251953125,0.3103485107421875,3.03631591796875,1.8218773895694365,1.244415283203125
objective_aware,0.75,17,"[[0],[1],[2,3,6,7,9,13,15,16,18,21,24,26,31,32,33,34,35,40,41,42,44,45,48,50,51,52,54,55,56,57,58],[4],[5],[8],[10],[11],[12],[14],[17],[19],[20],[22],[23],[25],[27],[28],[29],[30],[36],[37],[38],[39],[43],[46],[47],[49],[53],[59]]","[31,1,1,1,1,1,1,1,1,1,1,1,1,1,1,1,1,1,1,1,1,1,1,1,1,1,1,1,1,1]",30,11895,14236,14619,24786,0.1815032958984375,0.21722412109375,0.2230682373046875,0.378204345703125,2.7979736328125,2.2012760644317955,1.9637603759765625
legacy_pairwise_hc,0.75,17,"[[0,3,6,7,9,15,16,18,21,24,26,31,34,40,41,42,44,48,50,51,52,54,56,57,58],[1,10],[2],[4,11],[5,13],[8],[12],[14],[17],[19],[20],[22,32],[23],[25],[27],[28,29],[30],[33],[35],[36],[37],[38],[39],[43],[45,55],[46],[47],[49],[53],[59]]","[25,2,2,2,2,2,2,1,1,1,1,1,1,1,1,1,1,1,1,1,1,1,1,1,1,1,1,1,1,1]",30,3722,15295,25558,20961,0.056793212890625,0.2333831787109375,0.389984130859375,0.3198394775390625,2.972869873046875,2.027220703028386,1.389739990234375
objective_aware,0.75,18,"[[0,1,2,5,8,9,11,12,13,15,16,17,21,25,26,29,33,34,39,40,41,42,44,48,49,52,54,55,57,58,59],[3],[4],[6],[7],[10],[14],[18],[19],[20],[22],[23],[24],[27],[28],[30],[31],[32],[35],[36],[37],[38],[43],[45],[46],[47],[50],[51],[53],[56]]","[31,1,1,1,1,1,1,1,1,1,1,1,1,1,1,1,1,1,1,1,1,1,1,1,1,1,1,1,1,1]",30,10171,14360,17917,23088,0.1551971435546875,0.2191162109375,0.2733917236328125,0.352294921875,2.822784423828125,2.2241369416636805,1.8619232177734375
legacy_pairwise_hc,0.75,18,"[[0,2,5,6,8,9,11,12,15,16,17,18,21,25,26,29,33,34,40,41,44,48,49,54,55,57,58,59],[1,20,39],[3],[4],[7],[10],[13],[14],[19],[22],[23],[24],[27],[28,42],[30],[31],[32],[35],[36],[37],[38],[43],[45],[46],[47],[50],[51],[52],[53],[56]]","[28,3,2,1,1,1,1,1,1,1,1,1,1,1,1,1,1,1,1,1,1,1,1,1,1,1,1,1,1,1]",30,7044,13829,21388,23275,0.10748291015625,0.2110137939453125,0.32635498046875,0.3551483154296875,2.929168701171875,2.111936905621234,1.5892181396484375
objective_aware,0.75,19,"[[0,5,6,7,8,11,16,17,20,21,22,24,28,30,31,33,34,35,37,39,40,43,44,47,50,52,53,55,56,57,59],[1],[2],[3],[4],[9],[10],[12],[13],[14],[15],[18],[19],[23],[25],[26],[27],[29],[32],[36],[38],[41],[42],[45],[46],[48],[49],[51],[54],[58]]","[31,1,1,1,1,1,1,1,1,1,1,1,1,1,1,1,1,1,1,1,1,1,1,1,1,1,1,1,1,1]",30,9978,16386,17895,21277,0.152252197265625,0.250030517578125,0.2730560302734375,0.3246612548828125,2.7701263427734375,2.623117805296375,1.9366607666015625
legacy_pairwise_hc,0.75,19,"[[0,6,7,11,12,16,17,20,21,24,28,30,31,33,35,36,37,38,43,47,52,54,55,59],[1],[2],[3],[4],[5,44],[8,42,53],[9],[10,34,39],[13],[14],[15],[18],[19],[22,56],[23],[25],[26],[27],[29],[32],[40,50],[41],[45],[46],[48],[49],[51],[57],[58]]","[24,3,3,2,2,2,1,1,1,1,1,1,1,1,1,1,1,1,1,1,1,1,1,1,1,1,1,1,1,1]",30,5148,11994,22562,25832,0.07855224609375,0.183013916015625,0.344268798828125,0.3941650390625,3.054046630859375,2.3602612098058064,1.33453369140625
objective_aware,0.75,20,"[[0,1,2,4,6,7,8,9,10,14,16,17,18,21,28,29,32,34,39,40,43,45,47,48,49,50,51,53,56,57,58],[3],[5],[11],[12],[13],[15],[19],[20],[22],[23],[24],[25],[26],[27],[30],[31],[33],[35],[36],[37],[38],[41],[42],[44],[46],[52],[54],[55],[59]]","[31,1,1,1,1,1,1,1,1,1,1,1,1,1,1,1,1,1,1,1,1,1,1,1,1,1,1,1,1,1]",30,9797,14177,18831,22731,0.1494903564453125,0.2163238525390625,0.2873382568359375,0.3468475341796875,2.83154296875,2.909652292087514,1.833251953125
legacy_pairwise_hc,0.75,20,"[[0],[1,2,4,6,7,8,9,10,11,14,16,17,18,28,29,32,34,39,43,45,48,49,50,51,56,57,58],[3],[5],[12,23],[13],[15],[19],[20],[21],[22],[24],[25],[26,38],[27],[30,40],[31],[33],[35],[36],[37],[41],[42],[44],[46],[47],[52],[53,59],[54],[55]]","[27,2,2,2,2,1,1,1,1,1,1,1,1,1,1,1,1,1,1,1,1,1,1,1,1,1,1,1,1,1]",30,6543,13369,20953,24671,0.0998382568359375,0.2039947509765625,0.3197174072265625,0.3764495849609375,2.9727783203125,2.7321935217145463,1.5092010498046875
objective_aware,0.75,21,"[[0,1,2,5,6,9,11,16,17,18,20,23,24,27,30,33,34,36,38,39,40,41,43,44,45,47,48,49,51,58,59],[3],[4],[7],[8],[10],[12],[13],[14],[15],[19],[21],[22],[25],[26],[28],[29],[31],[32],[35],[37],[42],[46],[50],[52],[53],[54],[55],[56],[57]]","[31,1,1,1,1,1,1,1,1,1,1,1,1,1,1,1,1,1,1,1,1,1,1,1,1,1,1,1,1,1]",30,9633,15519,17540,22844,0.1469879150390625,0.2368011474609375,0.26763916015625,0.34857177734375,2.8177947998046875,3.3816947508883732,1.8599700927734375
legacy_pairwise_hc,0.75,21,"[[0,1,2,5,6,9,11,17,18,20,24,30,33,34,36,38,40,41,43,44,45,47,48,49,51,58,59],[3],[4],[7],[8],[10],[12,21],[13],[14],[15,27],[16],[19],[22],[23,39],[25],[26],[28],[29],[31],[32],[35],[37],[42],[46],[50],[52],[53,56],[54],[55],[57]]","[27,2,2,2,2,1,1,1,1,1,1,1,1,1,1,1,1,1,1,1,1,1,1,1,1,1,1,1,1,1]",30,6111,13969,21538,23918,0.0932464599609375,0.2131500244140625,0.328643798828125,0.364959716796875,2.9653167724609375,3.195802766168621,1.5098419189453125
objective_aware,0.75,22,"[[0,2,3,7,10,13,20,21,22,23,24,25,26,27,29,30,31,33,36,39,40,43,46,50,51,52,53,55,56,57,58],[1],[4],[5],[6],[8],[9],[11],[12],[14],[15],[16],[17],[18],[19],[28],[32],[34],[35],[37],[38],[41],[42],[44],[45],[47],[48],[49],[54],[59]]","[31,1,1,1,1,1,1,1,1,1,1,1,1,1,1,1,1,1,1,1,1,1,1,1,1,1,1,1,1,1]",30,7450,17412,19434,21240,0.113677978515625,0.26568603515625,0.296539306640625,0.3240966796875,2.8310546875,4.447901863180181,1.775665283203125
legacy_pairwise_hc,0.75,22,"[[0,16,56],[1,14],[2,21,31],[3,7,13,20,22,23,24,26,29,30,33,36,39,40,46,50,53,55,58],[4],[5,47],[6,51,57],[8],[9],[10],[11],[12],[15],[17],[18,27,38],[19],[25],[28],[32],[34,45],[35],[37],[41],[42,43],[44],[48],[49],[52],[54],[59]]","[19,3,3,3,3,2,2,2,2,1,1,1,1,1,1,1,1,1,1,1,1,1,1,1,1,1,1,1,1,1]",30,2962,10122,25535,26917,0.045196533203125,0.154449462890625,0.3896331787109375,0.4107208251953125,3.1658782958984375,3.915679165386261,1.106109619140625
objective_aware,0.75,23,"[[0,1,2,5,6,7,8,9,10,12,15,17,18,19,21,25,30,31,32,34,36,39,40,41,42,43,47,49,51,55,57],[3],[4],[11],[13],[14],[16],[20],[22],[23],[24],[26],[27],[28],[29],[33],[35],[37],[38],[44],[45],[46],[48],[50],[52],[53],[54],[56],[58],[59]]","[31,1,1,1,1,1,1,1,1,1,1,1,1,1,1,1,1,1,1,1,1,1,1,1,1,1,1,1,1,1]",30,10583,16840,16185,21928,0.1614837646484375,0.2569580078125,0.2469635009765625,0.3345947265625,2.754669189453125,7.099634695565829,1.9867401123046875
legacy_pairwise_hc,0.75,23,"[[0,2,6,7,8,9,12,14,19,23,28,32,34,39,40,41,43,53,55,57],[1,17,30],[3],[4],[5,21],[10,42,51],[11],[13],[15,27],[16,36],[18,29,47],[20],[22],[24],[25,49],[26],[31,59],[33],[35],[37],[38],[44],[45],[46],[48],[50],[52],[54],[56],[58]]","[20,3,3,3,2,2,2,2,2,1,1,1,1,1,1,1,1,1,1,1,1,1,1,1,1,1,1,1,1,1]",30,1816,12568,23748,27404,0.0277099609375,0.1917724609375,0.36236572265625,0.41815185546875,3.17095947265625,4.9474250311945,1.0555267333984375
objective_aware,0.5,0,"[[0],[1,3,4,7,8,10,11,12,13,14,15,16,20,23,24,28,29,30,34,35,38,42,44,46,47,49,50,51,52,54,56],[2],[5],[6],[9],[17],[18],[19],[21],[22],[25],[26],[27],[31],[32],[33],[36],[37],[39],[40],[41],[43],[45],[48],[53],[55],[57],[58],[59]]","[31,1,1,1,1,1,1,1,1,1,1,1,1,1,1,1,1,1,1,1,1,1,1,1,1,1,1,1,1,1]",30,8765,18965,20141,17665,0.1337432861328125,0.2893829345703125,0.3073272705078125,0.2695465087890625,2.712677001953125,0.2984020997760116,1.977935791015625
legacy_pairwise_hc,0.5,0,"[[0,7,52,54],[1,36],[2,19,43],[3,13,16,24,35,44],[4],[5],[6],[8,42,46],[9,18],[10,34,50],[11,58],[12,29,30,49],[14],[15,48],[17,21,22,57],[20,47],[23,32],[25,53,55],[26],[27],[28],[31,59],[33],[37],[38],[39],[40],[41],[45,56],[51]]","[6,4,4,4,3,3,3,3,2,2,2,2,2,2,2,2,1,1,1,1,1,1,1,1,1,1,1,1,1,1]",30,78,5954,27246,32258,0.001190185546875,0.090850830078125,0.415740966796875,0.492218017578125,3.39898681640625,0.27235410966963136,0.6677703857421875
objective_aware,0.5,1,"[[0],[1,4,5,6,7,9,11,12,13,14,15,20,22,25,29,30,31,32,38,39,41,43,44,48,49,50,51,54,55,57,58],[2],[3],[8],[10],[16],[17],[18],[19],[21],[23],[24],[26],[27],[28],[33],[34],[35],[36],[37],[40],[42],[45],[46],[47],[52],[53],[56],[59]]","[31,1,1,1,1,1,1,1,1,1,1,1,1,1,1,1,1,1,1,1,1,1,1,1,1,1,1,1,1,1]",30,8193,16676,21373,19294,0.1250152587890625,0.25445556640625,0.3261260986328125,0.294403076171875,2.7899169921875,0.34032064769216763,1.8395843505859375
legacy_pairwise_hc,0.5,1,"[[0,33],[1,4,6,7,11,12,14,15,20,32,39,41,43,49,50,58],[2,17,37],[3,10,56],[5,28],[8],[9,57],[13,29],[16],[18],[19,51],[21,38],[22,35],[23],[24],[25,55],[26,42],[27],[30,44],[31],[34],[36],[40],[45],[46,48],[47],[52],[53],[54],[59]]","[16,3,3,2,2,2,2,2,2,2,2,2,2,2,1,1,1,1,1,1,1,1,1,1,1,1,1,1,1,1]",30,3065,9090,21927,31454,0.0467681884765625,0.138702392578125,0.3345794677734375,0.479949951171875,3.247711181640625,0.2954122731937979,1.0023956298828125
objective_aware,0.5,2,"[[0],[1],[2],[3],[4,5,6,7,8,9,10,15,17,19,22,25,26,28,29,30,31,32,33,34,35,36,40,45,46,47,48,49,55,56,58],[11],[12],[13],[14],[16],[18],[20],[21],[23],[24],[27],[37],[38],[39],[41],[42],[43],[44],[50],[51],[52],[53],[54],[57],[59]]","[31,1,1,1,1,1,1,1,1,1,1,1,1,1,1,1,1,1,1,1,1,1,1,1,1,1,1,1,1,1]",30,10482,15909,17398,21747,0.159942626953125,0.2427520751953125,0.265472412109375,0.3318328857421875,2.769195556640625,0.4535379718708736,1.9533843994140625
legacy_pairwise_hc,0.5,2,"[[0],[1,3,4,13,19,20,39,41],[2],[5,28],[6],[7,29],[8,9,45,46],[10],[11,59],[12,15,50],[14,22,26],[16,21,53],[17,31,36],[18],[23,47],[24],[25,33,48,58],[27],[30],[32,37,56],[34,55],[35],[38,40],[42],[43],[44],[49],[51],[52,57],[54]]","[8,4,4,3,3,3,3,3,2,2,2,2,2,2,2,1,1,1,1,1,1,1,1,1,1,1,1,1,1,1]",30,452,6622,27135,31327,0.00689697265625,0.101043701171875,0.4140472412109375,0.4780120849609375,3.3631744384765625,0.3851149913764769,0.730926513671875
objective_aware,0.5,3,"[[0,2,3,5,8,9,10,12,15,16,18,19,21,22,25,26,29,30,31,32,33,35,38,39,40,44,45,47,48,49,57],[1],[4],[6],[7],[11],[13],[14],[17],[20],[23],[24],[27],[28],[34],[36],[37],[41],[42],[43],[46],[50],[51],[52],[53],[54],[55],[56],[58],[59]]","[31,1,1,1,1,1,1,1,1,1,1,1,1,1,1,1,1,1,1,1,1,1,1,1,1,1,1,1,1,1]",30,9111,18607,18487,19331,0.1390228271484375,0.2839202880859375,0.2820892333984375,0.2949676513671875,2.733001708984375,0.475208592478947,1.967987060546875
legacy_pairwise_hc,0.5,3,"[[0,12],[1,21],[2,17],[3,13,44],[4],[5,16,31],[6,14],[7,23,55],[8,10],[9,41],[11,36,42],[15,30],[18,22,32,35,39,45],[19,40,47],[20,27,28],[24],[25,26,54],[29,38],[33],[34,52,56],[37],[43],[46],[48],[49],[50],[51],[53],[57],[58,59]]","[6,3,3,3,3,3,3,3,3,2,2,2,2,2,2,2,2,2,1,1,1,1,1,1,1,1,1,1,1,1]",30,176,6186,25818,33356,0.002685546875,0.094390869140625,0.393951416015625,0.50897216796875,3.409210205078125,0.43267334811389446,0.670196533203125
objective_aware,0.5,4,"[[0,2,3,6,9,16,18,20,21,22,24,25,26,27,28,29,35,41,44,45,46,47,49,50,51,52,53,54,55,57,58],[1],[4],[5],[7],[8],[10],[11],[12],[13],[14],[15],[17],[19],[23],[30],[31],[32],[33],[34],[36],[37],[38],[39],[40],[42],[43],[48],[56],[59]]","[31,1,1,1,1,1,1,1,1,1,1,1,1,1,1,1,1,1,1,1,1,1,1,1,1,1,1,1,1,1]",30,9240,17274,17942,21080,0.1409912109375,0.263580322265625,0.273773193359375,0.3216552734375,2.776092529296875,0.45670494488490526,1.91046142578125
legacy_pairwise_hc,0.5,4,"[[0,25,26,27,29,41,51,54,55],[1,15],[2],[3,9,21,28],[4],[5,43,46],[6,18,45],[7,8,30],[10],[11],[12,14,23,34],[13],[16,20,58],[17],[19],[22,24],[31,44],[32,36,47],[33],[35,49,52,53],[37],[38],[39],[40],[42],[48],[50],[56],[57],[59]]","[9,4,4,4,3,3,3,3,3,2,2,2,1,1,1,1,1,1,1,1,1,1,1,1,1,1,1,1,1,1]",30,1105,9558,25021,29852,0.0168609619140625,0.145843505859375,0.3817901611328125,0.45550537109375,3.27593994140625,0.43324190460973316,0.896240234375
objective_aware,0.5,5,"[[0],[1],[2,9,12,13,14,17,19,20,21,23,24,25,26,27,29,30,31,33,34,37,38,39,40,41,43,45,47,48,50,52,57],[3],[4],[5],[6],[7],[8],[10],[11],[15],[16],[18],[22],[28],[32],[35],[36],[42],[44],[46],[49],[51],[53],[54],[55],[56],[58],[59]]","[31,1,1,1,1,1,1,1,1,1,1,1,1,1,1,1,1,1,1,1,1,1,1,1,1,1,1,1,1,1]",30,9980,17864,16250,21442,0.15228271484375,0.2725830078125,0.247955322265625,0.327178955078125,2.750030517578125,0.5537784520656832,1.979400634765625
legacy_pairwise_hc,0.5,5,"[[0,21,24,30,39,41],[1,6,11,36],[2,29,37,57],[3,10],[4],[5],[7],[8,13,20,34],[9],[12,31,33,40,50],[14,17,43,47,52],[15,53,55],[16],[18],[19],[22],[23],[25,27,28],[26],[32,56],[35],[38],[42,51,58],[44],[45],[46],[48],[49],[54],[59]]","[6,5,5,4,4,4,3,3,3,2,2,1,1,1,1,1,1,1,1,1,1,1,1,1,1,1,1,1,1,1]",30,743,8012,27180,29601,0.0113372802734375,0.12225341796875,0.41473388671875,0.4516754150390625,3.3067474365234375,0.5156094143167138,0.825958251953125
objective_aware,0.5,6,"[[0,1,2,8,9,14,16,20,22,24,26,27,28,29,31,32,33,34,35,36,38,43,44,45,47,48,49,51,55,57,59],[3],[4],[5],[6],[7],[10],[11],[12],[13],[15],[17],[18],[19],[21],[23],[25],[30],[37],[39],[40],[41],[42],[46],[50],[52],[53],[54],[56],[58]]","[31,1,1,1,1,1,1,1,1,1,1,1,1,1,1,1,1,1,1,1,1,1,1,1,1,1,1,1,1,1]",30,11563,15950,14607,23416,0.1764373779296875,0.243377685546875,0.2228851318359375,0.3572998046875,2.76104736328125,0.8601616069193809,2.0116424560546875
legacy_pairwise_hc,0.5,6,"[[0,1,31,43,45,52],[2],[3,10,53],[4,21],[5,30],[6,25],[7,41],[8,22,29,33,47,51,59],[9,36,55],[11,50],[12],[13],[14],[15],[16,18,48],[17],[19,42],[20,54],[23,40],[24,26,27,35],[28,34],[32],[37],[38,58],[39],[44],[46],[49],[56],[57]]","[7,6,4,3,3,3,2,2,2,2,2,2,2,2,2,2,1,1,1,1,1,1,1,1,1,1,1,1,1,1]",30,741,7740,28253,28802,0.0113067626953125,0.11810302734375,0.4311065673828125,0.439483642578125,3.29876708984375,0.7867431010379166,0.8163909912109375
objective_aware,0.5,7,"[[0,1,3,4,5,9,10,11,14,15,16,18,19,20,21,24,27,30,32,33,34,36,37,39,40,42,43,45,55,56,57],[2],[6],[7],[8],[12],[13],[17],[22],[23],[25],[26],[28],[29],[31],[35],[38],[41],[44],[46],[47],[48],[49],[50],[51],[52],[53],[54],[58],[59]]","[31,1,1,1,1,1,1,1,1,1,1,1,1,1,1,1,1,1,1,1,1,1,1,1,1,1,1,1,1,1]",30,11474,15998,16713,21351,0.175079345703125,0.244110107421875,0.2550201416015625,0.3257904052734375,2.7315216064453125,0.8930018113505456,2.0378265380859375
legacy_pairwise_hc,0.5,7,"[[0,6,40],[1,9,27,57],[2],[3,54,55],[4,45],[5,43],[7,41,46],[8],[10,21,37,42],[11],[12],[13,26,49],[14,38],[15,23,34],[16,31],[17,44],[18,30],[19,20,24],[22],[25,50],[28],[29],[32,59],[33],[35,53],[36,56],[39,48],[47,52],[51],[58]]","[4,4,3,3,3,3,3,3,2,2,2,2,2,2,2,2,2,2,2,2,1,1,1,1,1,1,1,1,1,1]",30,357,8960,29808,26411,0.0054473876953125,0.13671875,0.454833984375,0.4029998779296875,3.2553863525390625,0.8505579587959108,0.8668975830078125
objective_aware,0.5,8,"[[0,1,5,7,8,9,11,14,15,16,18,21,23,26,27,30,32,34,36,38,40,42,43,46,48,50,52,53,55,57,58],[2],[3],[4],[6],[10],[12],[13],[17],[19],[20],[22],[24],[25],[28],[29],[31],[33],[35],[37],[39],[41],[44],[45],[47],[49],[51],[54],[56],[59]]","[31,1,1,1,1,1,1,1,1,1,1,1,1,1,1,1,1,1,1,1,1,1,1,1,1,1,1,1,1,1]",30,15198,15076,11572,23690,0.231903076171875,0.23004150390625,0.17657470703125,0.361480712890625,2.667633056640625,0.9422614759014499,2.25811767578125
legacy_pairwise_hc,0.5,8,"[[0],[1,5,36,57],[2,13],[3,4,6,34],[7,14,32],[8,11],[9,16,35,40],[10,21],[12],[15,30,43,46],[17,47,56],[18],[19,25,29,41],[20],[22,37,44,49],[23,38,53],[24],[26],[27],[28],[31],[33],[39],[42],[45,59],[48],[50,52,58],[51],[54],[55]]","[4,4,4,4,4,4,3,3,3,3,2,2,2,2,1,1,1,1,1,1,1,1,1,1,1,1,1,1,1,1]",30,2397,10261,25042,27836,0.0365753173828125,0.1565704345703125,0.382110595703125,0.42474365234375,3.1950225830078125,0.9828132196114614,1.03955078125
objective_aware,0.5,9,"[[0,2,4,6,7,10,11,13,15,17,21,23,24,27,30,35,36,38,40,41,43,44,46,48,50,51,52,54,55,57],[1],[3],[5],[8],[9],[12],[14],[16],[18],[19,25],[20],[22],[26],[28],[29],[31],[32],[33],[34],[37],[39],[42],[45],[47],[49],[53],[56],[58],[59]]","[30,2,1,1,1,1,1,1,1,1,1,1,1,1,1,1,1,1,1,1,1,1,1,1,1,1,1,1,1,1]",30,10928,15486,18194,20928,0.166748046875,0.236297607421875,0.277618408203125,0.3193359375,2.749542236328125,0.8933272643373646,1.9825439453125
legacy_pairwise_hc,0.5,9,"[[0,5,48],[1],[2,27,57],[3,58],[4],[6,13,15,30,51],[7],[8,19,25],[9,34,59],[10],[11,12],[14,33,42],[16],[17,21,40,41,50,52],[18],[20],[22],[23,24,43,54],[26,35],[28],[29,45],[31,46],[32],[36],[37],[38,55],[39,49],[44,53],[47],[56]]","[6,5,4,3,3,3,3,3,2,2,2,2,2,2,2,2,1,1,1,1,1,1,1,1,1,1,1,1,1,1]",30,749,9495,28429,26863,0.0114288330078125,0.1448822021484375,0.4337921142578125,0.4098968505859375,3.242156982421875,0.9205610354741415,0.903076171875
objective_aware,0.5,10,"[[0],[1],[2],[3,4,5,8,9,12,13,18,19,21,22,24,26,30,31,32,37,38,39,40,42,43,47,48,51,52,56,57,58,59],[6],[7],[10],[11],[14],[15],[16],[17],[20],[23],[25],[27],[28,53],[29],[33],[34],[35],[36],[41],[44],[45],[46],[49],[50],[54],[55]]","[30,2,1,1,1,1,1,1,1,1,1,1,1,1,1,1,1,1,1,1,1,1,1,1,1,1,1,1,1,1]",30,12080,16481,15868,21107,0.184326171875,0.2514801025390625,0.24212646484375,0.3220672607421875,2.701934814453125,1.0103487291740716,2.1020355224609375
legacy_pairwise_hc,0.5,10,"[[0,15,36],[1,29,35],[2],[3],[4,9,59],[5,18,24,33,48],[6],[7,17,50],[8,37,40],[10,45],[11],[12,38,39],[13,22],[14],[16,46],[19,55],[20,25,28,53],[21,31,32,47],[23],[26],[27,49],[30],[34],[41,57],[42,58],[43],[44],[51,52],[54],[56]]","[5,4,4,3,3,3,3,3,3,2,2,2,2,2,2,2,2,1,1,1,1,1,1,1,1,1,1,1,1,1]",30,1822,9290,27912,26512,0.027801513671875,0.141754150390625,0.4259033203125,0.404541015625,3.207183837890625,1.0471844201286633,0.98077392578125
objective_aware,0.5,11,"[[0,1,2,4,5,6,8,10,11,15,18,19,20,23,27,28,30,35,36,43,44,45,48,49,51,53,55,58],[3],[7],[9],[12],[13],[14],[16,29,56,57],[17],[21],[22],[24],[25],[26],[31],[32],[33],[34],[37],[38],[39],[40],[41],[42],[46],[47],[50],[52],[54],[59]]","[28,4,1,1,1,1,1,1,1,1,1,1,1,1,1,1,1,1,1,1,1,1,1,1,1,1,1,1,1,1]",30,14033,15568,13016,22919,0.2141265869140625,0.237548828125,0.1986083984375,0.3497161865234375,2.6839141845703125,1.2909736512228847,2.193756103515625
legacy_pairwise_hc,0.5,11,"[[0,8],[1,18],[2,4],[3,41],[5,6,10,19],[7,40],[9,43,53],[11,28,51,58],[12,31,39],[13],[14],[15],[16,29,56,57],[17],[20,30,35,49],[21,23,38],[22],[24,37,46],[25,26,33],[27,48],[32],[34],[36],[42,50],[44,55],[45],[47],[52],[54],[59]]","[4,4,4,4,3,3,3,3,3,2,2,2,2,2,2,2,2,1,1,1,1,1,1,1,1,1,1,1,1,1]",30,2052,11377,27305,24802,0.03131103515625,0.1735992431640625,0.4166412353515625,0.378448486328125,3.1422271728515625,1.279530219575192,1.0814056396484375
objective_aware,0.5,12,"[[0,4,6,8,9,12,13,14,15,17,18,23,25,27,28,33,34,38,41,43,44,46,47,48,50,51,52,53,55,56,57],[1],[2],[3],[5],[7],[10],[11],[16],[19],[20],[21],[22],[24],[26],[29],[30],[31],[32],[35],[36],[37],[39],[40],[42],[45],[49],[54],[58],[59]]","[31,1,1,1,1,1,1,1,1,1,1,1,1,1,1,1,1,1,1,1,1,1,1,1,1,1,1,1,1,1]",30,13983,15397,12864,23292,0.2133636474609375,0.2349395751953125,0.1962890625,0.35540771484375,2.6937408447265625,1.4244984243505745,2.1812896728515625
legacy_pairwise_hc,0.5,12,"[[0,12,51],[1,35],[2,26,30],[3,24],[4,57],[5,11,36],[6,14,46],[7,32],[8,28,55],[9,25,33],[10],[13,56],[15],[16],[17,18,47,53],[19],[20],[21],[22,49],[23,43],[27,38,52],[29,31,45],[34,48],[37,39],[40],[41,44,50],[42],[54],[58],[59]]","[4,3,3,3,3,3,3,3,3,3,2,2,2,2,2,2,2,2,2,1,1,1,1,1,1,1,1,1,1,1]",30,313,10974,30715,23534,0.0047760009765625,0.167449951171875,0.4686737060546875,0.359100341796875,3.182098388671875,1.3675146060330527,0.9530029296875
objective_aware,0.5,13,"[[0],[1],[2,5,6,7,9,11,13,14,19,20,23,26,28,30,32,33,34,35,37,38,41,43,49,51,52,53,54,55,56,58,59],[3],[4],[8],[10],[12],[15],[16],[17],[18],[21],[22],[24],[25],[27],[29],[31],[36],[39],[40],[42],[44],[45],[46],[47],[48],[50],[57]]","[31,1,1,1,1,1,1,1,1,1,1,1,1,1,1,1,1,1,1,1,1,1,1,1,1,1,1,1,1,1]",30,13056,16168,13217,23095,0.19921875,0.2467041015625,0.2016754150390625,0.3524017333984375,2.7072601318359375,1.672625530406993,2.1371002197265625
legacy_pairwise_hc,0.5,13,"[[0],[1],[2,33],[3,40],[4,10,18],[5,37,56],[6,20,48,57],[7,26,53],[8,17,44],[9,38,59],[11,28,30,35],[12,15],[13,14],[16],[19,32],[21],[22],[23],[24,31],[25],[27],[29,36],[34,52,55,58],[39],[41,43,49,51,54],[42],[45],[46],[47],[50]]","[5,4,4,4,3,3,3,3,3,2,2,2,2,2,2,2,1,1,1,1,1,1,1,1,1,1,1,1,1,1]",30,1406,12076,27746,24308,0.021453857421875,0.18426513671875,0.423370361328125,0.37091064453125,3.14373779296875,1.5306782197952271,1.0630645751953125
objective_aware,0.5,14,"[[0],[1],[2,3,4,5,7,8,9,10,16,20,21,22,23,24,26,27,28,29,31,32,33,34,35,39,41,42,52,53,54,55,58],[6],[11],[12],[13],[14],[15],[17],[18],[19],[25],[30],[36],[37],[38],[40],[43],[44],[45],[46],[47],[48],[49],[50],[51],[56],[57],[59]]","[31,1,1,1,1,1,1,1,1,1,1,1,1,1,1,1,1,1,1,1,1,1,1,1,1,1,1,1,1,1]",30,16338,12540,11183,25475,0.249298095703125,0.19134521484375,0.1706390380859375,0.3887176513671875,2.6987762451171875,1.977987031270099,2.2404632568359375
legacy_pairwise_hc,0.5,14,"[[0,36,40],[1,17],[2,55],[3],[4,5,26],[6,38],[7],[8,9],[10,27,33,42],[11,47,51],[12,15],[13,44,57,59],[14,43,45],[16,20,21,30,32],[18,19],[22,23,31],[24,28,41],[25,49],[29],[34,53],[35],[37],[39],[46],[48],[50],[52],[54],[56],[58]]","[5,4,4,3,3,3,3,3,3,2,2,2,2,2,2,2,2,1,1,1,1,1,1,1,1,1,1,1,1,1]",30,620,11135,32234,21547,0.00946044921875,0.1699066162109375,0.491851806640625,0.3287811279296875,3.13995361328125,1.8710014075040817,1.0106048583984375
objective_aware,0.5,15,"[[0,3,4,6,8,9,12,14,15,19,20,24,25,26,28,30,32,37,42,43,44,47,48,49,50,51,52,56,57],[1],[2],[5],[7],[10],[11],[13],[16],[17],[18],[21],[22],[23],[27],[29,58,59],[31],[33],[34],[35],[36],[38],[39],[40],[41],[45],[46],[53],[54],[55]]","[29,3,1,1,1,1,1,1,1,1,1,1,1,1,1,1,1,1,1,1,1,1,1,1,1,1,1,1,1,1]",30,13184,18139,10061,24152,0.201171875,0.2767791748046875,0.1535186767578125,0.3685302734375,2.6894073486328125,2.728808427206753,2.187835693359375
legacy_pairwise_hc,0.5,15,"[[0,26,47,52],[1,2,39],[3,25,49],[4,30],[5],[6,17,50],[7],[8,20,24],[9],[10,16,35],[11],[12,28,56],[13],[14,43],[15,40,42,48],[18,34,38],[19],[21],[22],[23,54],[27],[29,58,59],[31,36,45],[32,57],[33],[37,44],[41],[46,55],[51],[53]]","[4,4,3,3,3,3,3,3,3,3,3,2,2,2,2,2,2,1,1,1,1,1,1,1,1,1,1,1,1,1]",30,569,15574,28172,21221,0.0086822509765625,0.237640380859375,0.42987060546875,0.3238067626953125,3.0688018798828125,2.6866982618967694,1.1549530029296875
objective_aware,0.5,16,"[[0,2,7,8,9,10,11,12,13,15,17,18,20,21,24,26,30,34,35,36,38,39,42,44,46,50,51,53,54,55,59],[1],[3],[4],[5],[6],[14],[16],[19],[22],[23],[25],[27],[28],[29],[31],[32],[33],[37],[40],[41],[43],[45],[47],[48],[49],[52],[56],[57],[58]]","[31,1,1,1,1,1,1,1,1,1,1,1,1,1,1,1,1,1,1,1,1,1,1,1,1,1,1,1,1,1]",30,14896,14379,12843,23418,0.227294921875,0.2194061279296875,0.1959686279296875,0.357330322265625,2.6833343505859375,3.228432512026961,2.21795654296875
legacy_pairwise_hc,0.5,16,"[[0,12,13],[1,6,57],[2,8],[3,39],[4],[5,28],[7,30,36,53],[9,17,34,35],[10],[11,46],[14,16,32,47],[15],[18,24,38,44],[19],[20,40,59],[21,50,51],[22,31],[23],[25,48],[26,42],[27,58],[29,37],[33],[41],[43],[45],[49],[52,55],[54],[56]]","[4,4,4,4,3,3,3,3,2,2,2,2,2,2,2,2,2,2,1,1,1,1,1,1,1,1,1,1,1,1]",30,2568,12936,29972,20060,0.0391845703125,0.1973876953125,0.45733642578125,0.30609130859375,3.03033447265625,2.8365785764611284,1.2355194091796875
objective_aware,0.5,17,"[[0,1,4,9,10,11,15,16,21,22,24,28,29,30,31,32,34,36,40,41,45,48,50,51,52,55,57,58],[2],[3],[5],[6],[7],[8],[12],[13],[14],[17,19,25],[18],[20],[23],[26],[27],[33],[35],[37],[38],[39,53],[42],[43],[44],[46],[47],[49],[54],[56],[59]]","[28,3,2,1,1,1,1,1,1,1,1,1,1,1,1,1,1,1,1,1,1,1,1,1,1,1,1,1,1,1]",30,8953,17751,18560,20272,0.1366119384765625,0.2708587646484375,0.283203125,0.309326171875,2.7652435302734375,2.706449931516697,1.9111785888671875
legacy_pairwise_hc,0.5,17,"[[0],[1,10],[2],[3,9,16,21,31,58],[4,11],[5,13],[6,7],[8],[12],[14],[15],[17,19,25],[18,42],[20,34],[22,32],[23,43],[24,40,41,51],[26,27],[28,29,30],[33,35,44],[36],[37,54,56],[38],[39,53],[45,50,55,57],[46],[47],[48,52],[49],[59]]","[6,4,4,3,3,3,3,2,2,2,2,2,2,2,2,2,2,2,1,1,1,1,1,1,1,1,1,1,1,1]",30,246,9593,31786,23911,0.003753662109375,0.1463775634765625,0.485015869140625,0.3648529052734375,3.210968017578125,2.5249611473083498,0.9070281982421875
objective_aware,0.5,18,"[[0],[1,2,4,6,8,9,11,12,15,16,17,20,21,25,26,29,33,34,35,39,40,41,44,48,49,52,54,55,57,58,59],[3],[5],[7],[10],[13],[14],[18],[19],[22],[23],[24],[27],[28],[30],[31],[32],[36],[37],[38],[42],[43],[45],[46],[47],[50],[51],[53],[56]]","[31,1,1,1,1,1,1,1,1,1,1,1,1,1,1,1,1,1,1,1,1,1,1,1,1,1,1,1,1,1]",30,11501,14590,14982,24463,0.1754913330078125,0.222625732421875,0.228607177734375,0.3732757568359375,2.7996673583984375,2.5011444117433284,1.949432373046875
legacy_pairwise_hc,0.5,18,"[[0,5],[1,20,39],[2],[3],[4,6,35],[7],[8,16,17,21,25,26,29,40,48,49,55,58],[9,15,41],[10,47],[11,12,33,44,59],[13,31],[14],[18],[19],[22],[23],[24,32],[27],[28,42],[30],[34,54,57],[36],[37],[38],[43,45],[46,53],[50],[51],[52],[56]]","[12,5,3,3,3,3,2,2,2,2,2,2,2,1,1,1,1,1,1,1,1,1,1,1,1,1,1,1,1,1]",30,2130,9307,26252,27847,0.032501220703125,0.1420135498046875,0.40057373046875,0.4249114990234375,3.2178955078125,2.2005873416599475,0.992767333984375
objective_aware,0.5,19,"[[0],[1,5,6,7,8,10,16,17,20,21,22,24,28,29,30,31,32,33,34,38,39,41,42,43,44,47,48,50,52,53,56],[2],[3],[4],[9],[11],[12],[13],[14],[15],[18],[19],[23],[25],[26],[27],[35],[36],[37],[40],[45],[46],[49],[51],[54],[55],[57],[58],[59]]","[31,1,1,1,1,1,1,1,1,1,1,1,1,1,1,1,1,1,1,1,1,1,1,1,1,1,1,1,1,1]",30,8175,18347,18751,20263,0.1247406005859375,0.2799530029296875,0.2861175537109375,0.3091888427734375,2.779754638671875,3.408738422906527,1.874420166015625
legacy_pairwise_hc,0.5,19,"[[0,30,31,33,35,37,43,55],[1,32,41],[2,51],[3],[4,21,59],[5,20,44],[6,7,24,28],[8,22,42,53,56],[9],[10,34,39],[11],[12],[13],[14],[15,46],[16,17,52],[18,25],[19],[23],[26],[27,49],[29,48],[36],[38],[40,50],[45],[47],[54],[57],[58]]","[8,5,4,3,3,3,3,3,2,2,2,2,2,2,1,1,1,1,1,1,1,1,1,1,1,1,1,1,1,1]",30,1351,8086,26720,29379,0.0206146240234375,0.123382568359375,0.40771484375,0.4482879638671875,3.2836761474609375,2.9626167884239782,0.8766937255859375
objective_aware,0.5,20,"[[0,1,2,4,6,7,8,9,10,16,17,18,21,26,28,29,32,34,38,39,40,43,45,47,48,49,50,51,56,57,58],[3],[5],[11],[12],[13],[14],[15],[19],[20],[22],[23],[24],[25],[27],[30],[31],[33],[35],[36],[37],[41],[42],[44],[46],[52],[53],[54],[55],[59]]","[31,1,1,1,1,1,1,1,1,1,1,1,1,1,1,1,1,1,1,1,1,1,1,1,1,1,1,1,1,1]",30,10292,15778,16782,22684,0.15704345703125,0.240753173828125,0.256072998046875,0.34613037109375,2.791290283203125,3.0453194054224157,1.92059326171875
legacy_pairwise_hc,0.5,20,"[[0,21],[1,57],[2,6,9,16,18,29,32,39,43,45,48,49,50,58],[3],[4,7,8,14,34],[5],[10,17,51],[11],[12,23,53,59],[13,46],[15],[19],[20],[22,52],[24,37],[25],[26,38,56],[27],[28],[30,40],[31],[33],[35],[36],[41],[42],[44],[47],[54],[55]]","[14,5,4,3,3,2,2,2,2,2,2,1,1,1,1,1,1,1,1,1,1,1,1,1,1,1,1,1,1,1]",30,2833,9405,24715,28583,0.0432281494140625,0.1435089111328125,0.3771209716796875,0.4361419677734375,3.2061767578125,2.7000727883907927,1.0399932861328125
objective_aware,0.5,21,"[[0,1,2,5,6,11,16,17,18,20,23,24,28,29,30,33,34,36,38,39,40,41,43,44,45,47,48,49,51,58,59],[3],[4],[7],[8],[9],[10],[12],[13],[14],[15],[19],[21],[22],[25],[26],[27],[31],[32],[35],[37],[42],[46],[50],[52],[53],[54],[55],[56],[57]]","[31,1,1,1,1,1,1,1,1,1,1,1,1,1,1,1,1,1,1,1,1,1,1,1,1,1,1,1,1,1]",30,11199,15095,15529,23713,0.1708831787109375,0.2303314208984375,0.2369537353515625,0.3618316650390625,2.78973388671875,3.493351785854627,1.9532470703125
legacy_pairwise_hc,0.5,21,"[[0,5,11,33,34,49],[1,24,40,47,59],[2,20,38,43],[3],[4],[6,18,44],[7],[8],[9],[10,28,45],[12,21],[13,15,27],[14,22],[16],[17,36],[19,35,52],[23,39],[25],[26,50],[29],[30,41],[31],[32],[37,55],[42,53,56],[46],[48],[51,58],[54],[57]]","[6,5,4,3,3,3,3,3,2,2,2,2,2,2,2,2,1,1,1,1,1,1,1,1,1,1,1,1,1,1]",30,480,7231,26296,31529,0.00732421875,0.1103363037109375,0.4012451171875,0.4810943603515625,3.356109619140625,3.9297114963884705,0.753326416015625
objective_aware,0.5,22,"[[0,2,3,6,7,10,12,13,20,21,22,23,24,25,26,29,30,31,32,33,36,39,40,42,43,48,50,51,53,55,57],[1],[4],[5],[8],[9],[11],[14],[15],[16],[17],[18],[19],[27],[28],[34],[35],[37],[38],[41],[44],[45],[46],[47],[49],[52],[54],[56],[58],[59]]","[31,1,1,1,1,1,1,1,1,1,1,1,1,1,1,1,1,1,1,1,1,1,1,1,1,1,1,1,1,1]",30,8790,18260,16138,22348,0.134124755859375,0.27862548828125,0.246246337890625,0.34100341796875,2.79412841796875,5.281323964621431,1.886871337890625
legacy_pairwise_hc,0.5,22,"[[0,16,56],[1,14,37],[2,21,31],[3,22,30],[4],[5,47,54],[6,51,57],[7,13,50,55],[8,11,19],[9],[10],[12,24,29],[15],[17],[18,38],[20],[23,41,46],[25],[26,33,39,40,58],[27],[28],[32,42,43],[34,45],[35],[36],[44,49],[48],[52],[53],[59]]","[5,4,3,3,3,3,3,3,3,3,3,3,2,2,2,1,1,1,1,1,1,1,1,1,1,1,1,1,1,1]",30,173,7208,26862,31293,0.0026397705078125,0.1099853515625,0.409881591796875,0.4774932861328125,3.3622283935546875,5.583655936377389,0.7339324951171875
objective_aware,0.5,23,"[[0,1,2,5,6,7,8,9,10,12,15,17,19,21,22,25,27,30,31,32,33,37,39,40,41,42,43,47,49,51,57],[3],[4],[11],[13],[14],[16],[18],[20],[23],[24],[26],[28],[29],[34],[35],[36],[38],[44],[45],[46],[48],[50],[52],[53],[54],[55],[56],[58],[59]]","[31,1,1,1,1,1,1,1,1,1,1,1,1,1,1,1,1,1,1,1,1,1,1,1,1,1,1,1,1,1]",30,12904,16121,13172,23339,0.1968994140625,0.2459869384765625,0.20098876953125,0.3561248779296875,2.716339111328125,7.886021109037502,2.1203460693359375
legacy_pairwise_hc,0.5,23,"[[0,9,14,32,43,55,57],[1,17,30],[2],[3],[4,46],[5,21,31],[6,8,39,40],[7,19,41],[10,42,51],[11],[12,37,48],[13,53],[15,27],[16,36],[18,29,47],[20,34],[22,45],[23],[24],[25,49],[26],[28],[33],[35],[38],[44,52],[50,56],[54],[58],[59]]","[7,4,3,3,3,3,3,3,2,2,2,2,2,2,2,2,2,1,1,1,1,1,1,1,1,1,1,1,1,1]",30,385,8869,28643,27639,0.0058746337890625,0.1353302001953125,0.4370574951171875,0.4217376708984375,3.274658203125,6.909011620062369,0.832916259765625
objective_aware,0.25,0,"[[0],[1,3,4,7,8,10,11,12,14,15,20,24,26,28,29,31,34,35,37,38,40,42,44,46,47,49,50,51,54,58,59],[2],[5],[6],[9],[13],[16],[17],[18],[19],[21],[22],[23],[25],[27],[30],[32],[33],[36],[39],[41],[43],[45],[48],[52],[53],[55],[56],[57]]","[31,1,1,1,1,1,1,1,1,1,1,1,1,1,1,1,1,1,1,1,1,1,1,1,1,1,1,1,1,1]",30,11452,18508,16789,18787,0.17474365234375,0.28240966796875,0.2561798095703125,0.2866668701171875,2.6547698974609375,0.4073793861494269,2.1518707275390625
legacy_pairwise_hc,0.25,0,"[[0,52],[1,36],[2,19,43],[3,44],[4,7,54],[5,8,42,46],[6,9,18],[10,34,37,50],[11,58],[12,14],[13,24,35],[15,16],[17,21],[20,47],[22],[23,32],[25,53,55],[26],[27],[28],[29,30,49],[31,38,59],[33],[39],[40],[41],[45,56],[48],[51],[57]]","[4,4,3,3,3,3,3,3,3,2,2,2,2,2,2,2,2,2,2,1,1,1,1,1,1,1,1,1,1,1]",30,659,6528,25127,33222,0.0100555419921875,0.099609375,0.3834075927734375,0.506927490234375,3.38720703125,0.41875621988329775,0.7168731689453125
objective_aware,0.25,1,"[[0,1,2,3,4,5,7,10,11,12,13,14,15,17,20,22,25,28,29,33,35,39,41,48,49,51,54,55,56,58,59],[6],[8],[9],[16],[18],[19],[21],[23],[24],[26],[27],[30],[31],[32],[34],[36],[37],[38],[40],[42],[43],[44],[45],[46],[47],[50],[52],[53],[57]]","[31,1,1,1,1,1,1,1,1,1,1,1,1,1,1,1,1,1,1,1,1,1,1,1,1,1,1,1,1,1]",30,9789,15605,19034,21108,0.1493682861328125,0.2381134033203125,0.290435791015625,0.32208251953125,2.7852325439453125,0.41810577726492315,1.9009857177734375
legacy_pairwise_hc,0.25,1,"[[0,33,34],[1,6,49,50],[2,17,37],[3,10,56],[4,14,41],[5],[7,11,12,15,20,39,58],[8],[9],[13,29],[16,27],[18],[19,51],[21,38],[22,35],[23,24],[25,55],[26,42],[28],[30,44],[31,52],[32,43],[36],[40,45],[46,48],[47],[53],[54],[57],[59]]","[7,4,3,3,3,3,2,2,2,2,2,2,2,2,2,2,2,2,2,1,1,1,1,1,1,1,1,1,1,1]",30,999,7145,24170,33222,0.0152435302734375,0.1090240478515625,0.368804931640625,0.506927490234375,3.3674163818359375,0.37497895612166476,0.76141357421875
objective_aware,0.25,2,"[[0],[1],[2],[3],[4],[5,6,7,8,9,10,14,17,23,25,26,27,28,29,31,32,33,35,36,37,40,42,45,46,47,48,49,52,56,57,58],[11],[12],[13],[15],[16],[18],[19],[20],[21],[22],[24],[30],[34],[38],[39],[41],[43],[44],[50],[51],[53],[54],[55],[59]]","[31,1,1,1,1,1,1,1,1,1,1,1,1,1,1,1,1,1,1,1,1,1,1,1,1,1,1,1,1,1]",30,9584,17977,17555,20420,0.146240234375,0.2743072509765625,0.2678680419921875,0.31158447265625,2.7447967529296875,0.5309753935824159,1.968231201171875
legacy_pairwise_hc,0.25,2,"[[0],[1,39],[2,16,21],[3,4],[5,28],[6,30],[7,29],[8,9,45,46,49],[10],[11,59],[12,15,50],[13,19],[14,22,26],[17,31,36],[18,43],[20,41],[23,47],[24],[25,33,48,58],[27],[32,37,56],[34,55],[35],[38,40],[42],[44],[51],[52,57],[53],[54]]","[5,4,3,3,3,3,3,2,2,2,2,2,2,2,2,2,2,2,2,2,1,1,1,1,1,1,1,1,1,1]",30,393,5700,26994,32449,0.0059967041015625,0.08697509765625,0.411895751953125,0.4951324462890625,3.3961639404296875,0.4706252176653255,0.6849212646484375
objective_aware,0.25,3,"[[0,2,3,5,8,9,12,15,16,17,19,22,25,26,30,31,32,33,35,38,39,40,41,43,44,45,47,48,49,51,57],[1],[4],[6],[7],[10],[11],[13],[14],[18],[20],[21],[23],[24],[27],[28],[29],[34],[36],[37],[42],[46],[50],[52],[53],[54],[55],[56],[58],[59]]","[31,1,1,1,1,1,1,1,1,1,1,1,1,1,1,1,1,1,1,1,1,1,1,1,1,1,1,1,1,1]",30,12127,16552,15254,21603,0.1850433349609375,0.2525634765625,0.232757568359375,0.3296356201171875,2.7069854736328125,0.6011613095319399,2.1007080078125
legacy_pairwise_hc,0.25,3,"[[0,12],[1,21],[2,8,17],[3,13,44],[4,27,28],[5,16,31],[6,14],[7,23,55],[9,41],[10],[11,36,42],[15,30],[18],[19,40,43,47],[20],[22,32,35,39,45],[24],[25,26,54],[29,38],[33],[34,52,56],[37],[46],[48],[49],[50],[51],[53],[57],[58,59]]","[5,4,3,3,3,3,3,3,3,3,2,2,2,2,2,2,2,1,1,1,1,1,1,1,1,1,1,1,1,1]",30,560,7372,25079,32525,0.008544921875,0.11248779296875,0.3826751708984375,0.4962921142578125,3.3667144775390625,0.5412932811899388,0.7418975830078125
objective_aware,0.25,4,"[[0],[1],[2],[3],[4,5,6,10,12,14,17,18,23,24,25,27,32,34,35,36,37,38,40,41,43,44,45,46,47,49,50,52,53,55,56],[7],[8],[9],[11],[13],[15],[16],[19],[20],[21],[22],[26],[28],[29],[30],[31],[33],[39],[42],[48],[51],[54],[57],[58],[59]]","[31,1,1,1,1,1,1,1,1,1,1,1,1,1,1,1,1,1,1,1,1,1,1,1,1,1,1,1,1,1]",30,11968,16284,15225,22059,0.1826171875,0.24847412109375,0.2323150634765625,0.3365936279296875,2.7228851318359375,0.6630909935120614,2.0734405517578125
legacy_pairwise_hc,0.25,4,"[[0,26],[1,15,39],[2],[3,9,21,28],[4,32,36,56],[5,43,46],[6],[7,8,30],[10],[11],[12,14,23,34],[13],[16],[17,37],[18,45],[19],[20,58],[22,24],[25,27,29,41,55],[31,44],[33],[35,49,52,53],[38],[40,48],[42],[47],[50],[51,54],[57],[59]]","[5,4,4,4,4,3,3,3,2,2,2,2,2,2,2,2,1,1,1,1,1,1,1,1,1,1,1,1,1,1]",30,1015,9901,25059,29561,0.0154876708984375,0.1510772705078125,0.3823699951171875,0.4510650634765625,3.269012451171875,0.5697646357265174,0.897796630859375
objective_aware,0.25,5,"[[0],[1],[2],[3,10,12,14,16,17,19,20,21,23,24,30,31,32,33,38,39,40,41,43,45,46,47,48,49,50,52,54,56,58],[4],[5],[6],[7],[8],[9],[11],[13],[15],[18],[22],[25],[26],[27],[28],[29],[34],[35],[36],[37,57],[42],[44],[51],[53],[55],[59]]","[30,2,1,1,1,1,1,1,1,1,1,1,1,1,1,1,1,1,1,1,1,1,1,1,1,1,1,1,1,1]",30,11496,15595,17201,21244,0.1754150390625,0.2379608154296875,0.2624664306640625,0.32415771484375,2.7353668212890625,0.7182936200854975,2.0252532958984375
legacy_pairwise_hc,0.25,5,"[[0,21,24,30],[1,6,11,35,36],[2,8,34],[3,10,16,46,56],[4],[5],[7],[9],[12,33,40,50],[13,20],[14,17,43,47,48,52],[15,53,55],[18],[19],[22],[23],[25,27,28],[26],[29],[31,49],[32],[37,51,57,58],[38],[39],[41],[42],[44],[45],[54],[59]]","[6,5,5,4,4,4,3,3,3,2,2,1,1,1,1,1,1,1,1,1,1,1,1,1,1,1,1,1,1,1]",30,1710,9961,24470,29395,0.026092529296875,0.1519927978515625,0.373382568359375,0.4485321044921875,3.244354248046875,0.6340534491464496,0.9687957763671875
objective_aware,0.25,6,"[[0],[1],[2,4,8,9,12,13,14,16,20,22,23,24,26,27,28,29,33,34,35,36,38,40,44,45,47,48,51,55,56,57,59],[3],[5],[6],[7],[10],[11],[15],[17],[18],[19],[21],[25],[30],[31],[32],[37],[39],[41],[42],[43],[46],[49],[50],[52],[53],[54],[58]]","[31,1,1,1,1,1,1,1,1,1,1,1,1,1,1,1,1,1,1,1,1,1,1,1,1,1,1,1,1,1]",30,10696,17753,14371,22716,0.1632080078125,0.2708892822265625,0.2192840576171875,0.34661865234375,2.7493133544921875,1.191877261797587,2.011199951171875
legacy_pairwise_hc,0.25,6,"[[0,1,45,52],[2,38,58],[3,10,53],[4,13,21,23,40],[5,30],[6,25],[7,41],[8,29,47,59],[9,36,55],[11,50],[12],[14],[15],[16,18,48],[17],[19,42],[20],[22,33,56],[24,26,27,35],[28,34],[31,43],[32],[37],[39],[44],[46],[49],[51],[54],[57]]","[5,4,4,4,3,3,3,3,3,2,2,2,2,2,2,2,1,1,1,1,1,1,1,1,1,1,1,1,1,1]",30,1843,7761,25884,30048,0.0281219482421875,0.1184234619140625,0.39495849609375,0.45849609375,3.2838287353515625,1.0791981172561647,0.8949127197265625
objective_aware,0.25,7,"[[0],[1,4,5,9,10,11,13,18,19,20,21,24,25,26,27,28,32,33,37,41,42,43,46,47,49,50,51,52,57,58,59],[2],[3],[6],[7],[8],[12],[14],[15],[16],[17],[22],[23],[29],[30],[31],[34],[35],[36],[38],[39],[40],[44],[45],[48],[53],[54],[55],[56]]","[31,1,1,1,1,1,1,1,1,1,1,1,1,1,1,1,1,1,1,1,1,1,1,1,1,1,1,1,1,1]",30,14972,14396,13086,23082,0.22845458984375,0.21966552734375,0.199676513671875,0.352203369140625,2.675628662109375,1.1043189961423157,2.229400634765625
legacy_pairwise_hc,0.25,7,"[[0,6,40],[1,9,27,33,57],[2,29],[3],[4],[5,43],[7,41,46],[8,47,52],[10,21,37,42],[11],[12],[13,26,32,49,51],[14,38],[15],[16],[17,44],[18,30],[19,20,24],[22],[23,34],[25,50],[28],[31],[35,53],[36,56],[39,48],[45],[54,55],[58],[59]]","[5,5,4,3,3,3,3,2,2,2,2,2,2,2,2,2,2,2,1,1,1,1,1,1,1,1,1,1,1,1]",30,2998,10422,26627,25489,0.045745849609375,0.159027099609375,0.4062957763671875,0.3889312744140625,3.1384124755859375,1.0311006696856753,1.126861572265625
objective_aware,0.25,8,"[[0],[1,5,6,7,8,10,11,14,15,16,21,22,23,26,27,30,32,34,36,37,38,42,43,44,46,49,50,52,53,57,58],[2],[3],[4],[9],[12],[13],[17],[18],[19],[20],[24],[25],[28],[29],[31],[33],[35],[39],[40],[41],[45],[47],[48],[51],[54],[55],[56],[59]]","[31,1,1,1,1,1,1,1,1,1,1,1,1,1,1,1,1,1,1,1,1,1,1,1,1,1,1,1,1,1]",30,15780,14141,12238,23377,0.24078369140625,0.2157745361328125,0.186737060546875,0.3567047119140625,2.65936279296875,1.1048865724635382,2.2787628173828125
legacy_pairwise_hc,0.25,8,"[[0,18],[1,5,36,57],[2,13],[3,4,6,34],[7,14,32],[8,11],[9,35,40],[10,21],[12],[15,30,43],[16],[17,47,56],[19,25,29,41],[20],[22,37,44,49],[23,38,53],[24],[26,39],[27],[28],[31],[33],[42],[45,59],[46],[48],[50,52,58],[51],[54],[55]]","[4,4,4,4,3,3,3,3,3,3,2,2,2,2,2,2,1,1,1,1,1,1,1,1,1,1,1,1,1,1]",30,2263,9689,25607,27977,0.0345306396484375,0.1478424072265625,0.3907318115234375,0.4268951416015625,3.209991455078125,1.0111846799651782,1.0111541748046875
objective_aware,0.25,9,"[[0,2,3,5,8,9,14,19,20,21,22,23,24,25,27,29,31,33,36,39,41,42,43,45,46,48,54,56,57,58,59],[1],[4],[6],[7],[10],[11],[12],[13],[15],[16],[17],[18],[26],[28],[30],[32],[34],[35],[37],[38],[40],[44],[47],[49],[50],[51],[52],[53],[55]]","[31,1,1,1,1,1,1,1,1,1,1,1,1,1,1,1,1,1,1,1,1,1,1,1,1,1,1,1,1,1]",30,13496,15729,13930,22381,0.2059326171875,0.2400054931640625,0.212554931640625,0.3415069580078125,2.68963623046875,1.174876231147397,2.1681671142578125
legacy_pairwise_hc,0.25,9,"[[0,48],[1],[2,27,57],[3,58],[4],[5],[6,13,30,51],[7],[8,19,20,25],[9,34,59],[10,15],[11,12],[14,31,33,42],[16],[17],[18],[21,41],[22,45],[23,24,43,54],[26,35],[28],[29,56],[32],[36],[37],[38,40,55],[39,49],[44,53],[46],[47,50,52]]","[4,4,4,4,3,3,3,3,2,2,2,2,2,2,2,2,2,2,1,1,1,1,1,1,1,1,1,1,1,1]",30,1646,9216,27256,27418,0.025115966796875,0.140625,0.4158935546875,0.418365478515625,3.227508544921875,1.0456673489964528,0.953826904296875
objective_aware,0.25,10,"[[0],[1],[2],[3],[4,6,12,13,16,18,20,21,22,23,25,26,28,30,31,32,37,38,39,40,42,43,46,47,48,51,52,53,56,57,58],[5],[7],[8],[9],[10],[11],[14],[15],[17],[19],[24],[27],[29],[33],[34],[35],[36],[41],[44],[45],[49],[50],[54],[55],[59]]","[31,1,1,1,1,1,1,1,1,1,1,1,1,1,1,1,1,1,1,1,1,1,1,1,1,1,1,1,1,1]",30,16454,13977,10276,24829,0.251068115234375,0.2132720947265625,0.15679931640625,0.3788604736328125,2.6634521484375,1.3023726087744518,2.3030242919921875
legacy_pairwise_hc,0.25,10,"[[0,15,36],[1],[2],[3],[4,9,59],[5,24,33],[6,16,46],[7,17,50],[8,37],[10,45],[11],[12,38,39],[13,22,30],[14],[18,48],[19,55],[20,25,28,53],[21,31,32,47],[23],[26],[27,49],[29,35,54],[34],[40],[41,57],[42,58],[43],[44],[51,52],[56]]","[4,4,3,3,3,3,3,3,3,3,2,2,2,2,2,2,2,2,1,1,1,1,1,1,1,1,1,1,1,1]",30,1663,10044,27552,26277,0.0253753662109375,0.15325927734375,0.42041015625,0.4009552001953125,3.1969451904296875,1.1340941542928868,0.99249267578125
objective_aware,0.25,11,"[[0,1,2,4,8,9,10,11,15,16,17,18,20,25,26,28,29,30,33,35,43,44,45,49,51,53,54,55,56,57,58],[3],[5],[6],[7],[12],[13],[14],[19],[21],[22],[23],[24],[27],[31],[32],[34],[36],[37],[38],[39],[40],[41],[42],[46],[47],[48],[50],[52],[59]]","[31,1,1,1,1,1,1,1,1,1,1,1,1,1,1,1,1,1,1,1,1,1,1,1,1,1,1,1,1,1]",30,17531,13069,9677,25259,0.2675018310546875,0.1994171142578125,0.1476593017578125,0.3854217529296875,2.6510009765625,1.6187754214450878,2.350921630859375
legacy_pairwise_hc,0.25,11,"[[0,8],[1,18],[2,4],[3,41],[5,6,10,23],[7,40],[9,43,53],[11,28,51,58],[12,47],[13],[14],[15],[16,29,56,57],[17],[19],[20,30,35,49],[21,38],[22],[24],[25,26,33,54],[27,48],[31,32,59],[34],[36],[37,46],[39],[42,50],[44,55],[45],[52]]","[4,4,4,4,4,3,3,2,2,2,2,2,2,2,2,2,2,2,1,1,1,1,1,1,1,1,1,1,1,1]",30,2624,12603,26476,23833,0.0400390625,0.1923065185546875,0.40399169921875,0.3636627197265625,3.091278076171875,1.4715468883514404,1.163909912109375
objective_aware,0.25,12,"[[0,2,4,6,9,12,13,14,15,17,18,23,25,26,27,30,33,34,38,42,43,46,47,48,51,52,53,56,57],[1],[3],[5,21],[7],[8],[10],[11],[16],[19],[20],[22],[24],[28],[29],[31,45],[32],[35],[36],[37],[39],[40],[41],[44],[49],[50],[54],[55],[58],[59]]","[29,2,2,1,1,1,1,1,1,1,1,1,1,1,1,1,1,1,1,1,1,1,1,1,1,1,1,1,1,1]",30,11050,15610,19073,19803,0.168609619140625,0.238189697265625,0.2910308837890625,0.3021697998046875,2.7267608642578125,1.500501171192702,2.016082763671875
legacy_pairwise_hc,0.25,12,"[[0,12,15,51],[1,35],[2,26,30,34],[3],[4,57],[5,11,21,36],[6,32],[7],[8,28,50,55],[9,25,33],[10],[13,56],[14],[16],[17,18,47,53],[19],[20,39],[22,49],[23,43],[24],[27,38,52],[29,31,45],[37],[40,58],[41,44],[42],[46],[48],[54],[59]]","[4,4,4,4,4,3,3,3,2,2,2,2,2,2,2,2,2,1,1,1,1,1,1,1,1,1,1,1,1,1]",30,1278,13624,28314,22320,0.019500732421875,0.2078857421875,0.432037353515625,0.340576171875,3.09368896484375,1.6098575716217358,1.12255859375
objective_aware,0.25,13,"[[0],[1],[2],[3,4,5,6,8,9,10,17,18,19,20,21,22,27,32,34,38,40,44,46,48,52,55,56,57,58,59],[7],[11,28,30,35],[12,42],[13],[14],[15],[16],[23],[24],[25],[26],[29],[31],[33],[36],[37],[39],[41],[43],[45],[47],[49],[50],[51],[53],[54]]","[27,4,2,1,1,1,1,1,1,1,1,1,1,1,1,1,1,1,1,1,1,1,1,1,1,1,1,1,1,1]",30,12422,15735,16269,21110,0.189544677734375,0.2400970458984375,0.2482452392578125,0.322113037109375,2.7029266357421875,1.715258058888952,2.1032562255859375
legacy_pairwise_hc,0.25,13,"[[0,36],[1],[2,7,33],[3,40],[4,46],[5,37],[6,20,48,57],[8,44],[9,38,59],[10,18],[11,28,30,35],[12,15,42],[13,14],[16],[17],[19,32,56],[21,27],[22],[23,43,51],[24,31],[25],[26,53],[29,39],[34,52,55,58],[41],[45],[47],[49],[50],[54]]","[4,4,4,3,3,3,3,3,2,2,2,2,2,2,2,2,2,2,2,1,1,1,1,1,1,1,1,1,1,1]",30,1347,12861,29746,21582,0.0205535888671875,0.1962432861328125,0.453887939453125,0.329315185546875,3.0919647216796875,1.7895236313343048,1.118408203125
objective_aware,0.25,14,"[[0],[1],[2],[3,4,5,8,9,10,12,14,15,16,22,24,26,27,29,31,33,34,35,37,39,42,43,45,46,50,52,53,58],[6,38],[7],[11],[13],[17],[18],[19],[20,21],[23],[25],[28],[30],[32],[36],[40],[41],[44],[47],[48],[49],[51],[54],[55],[56],[57],[59]]","[29,2,2,1,1,1,1,1,1,1,1,1,1,1,1,1,1,1,1,1,1,1,1,1,1,1,1,1,1,1]",30,16319,11453,13328,24436,0.2490081787109375,0.1747589111328125,0.203369140625,0.37286376953125,2.7000885009765625,2.4440404013091444,2.218414306640625
legacy_pairwise_hc,0.25,14,"[[0,36,40],[1,17],[2,55],[3],[4,26],[5,10,33,42],[6,38],[7],[8,9,27],[11,47,51],[12,15],[13,18,19,57],[14,43,45,46],[16,20,21,30],[22,23,31],[24,32],[25,49],[28,41],[29],[34,53],[35],[37],[39],[44,59],[48],[50],[52],[54],[56],[58]]","[4,4,4,4,3,3,3,3,2,2,2,2,2,2,2,2,2,2,1,1,1,1,1,1,1,1,1,1,1,1]",30,2263,9834,31632,21807,0.0345306396484375,0.150054931640625,0.482666015625,0.3327484130859375,3.1136322021484375,2.108286914618119,1.0943145751953125
objective_aware,0.25,15,"[[0,3,4,5,6,8,9,12,14,17,19,20,24,25,26,28,29,30,32,37,42,43,44,47,49,50,52,56,57,58,59],[1],[2],[7],[10],[11],[13],[15],[16],[18],[21],[22],[23],[27],[31],[33],[34],[35],[36],[38],[39],[40],[41],[45],[46],[48],[51],[53],[54],[55]]","[31,1,1,1,1,1,1,1,1,1,1,1,1,1,1,1,1,1,1,1,1,1,1,1,1,1,1,1,1,1]",30,18437,12572,7808,26719,0.2813262939453125,0.19183349609375,0.119140625,0.4076995849609375,2.6532135009765625,3.5622089247549735,2.382598876953125
legacy_pairwise_hc,0.25,15,"[[0,26,47,52],[1,2,18,39],[3,25,49],[4,30],[5],[6,17,50],[7],[8,20,24],[9],[10,16],[11,27,31],[12,28,56],[13],[14,43],[15,42,48],[19],[21],[22,40],[23],[29,58,59],[32,54,57],[33],[34,41],[35,36],[37,44],[38],[45],[46,55],[51],[53]]","[4,4,3,3,3,3,3,3,3,3,2,2,2,2,2,2,2,2,1,1,1,1,1,1,1,1,1,1,1,1]",30,567,15605,28822,20542,0.0086517333984375,0.2381134033203125,0.439788818359375,0.313446044921875,3.0580291748046875,2.8666219006885183,1.1660003662109375
objective_aware,0.25,16,"[[0,2,6,7,8,9,10,11,12,13,17,18,21,23,24,26,27,30,34,35,36,38,39,42,46,49,50,51,53,57,58],[1],[3],[4],[5],[14],[15],[16],[19],[20],[22],[25],[28],[29],[31],[32],[33],[37],[40],[41],[43],[44],[45],[47],[48],[52],[54],[55],[56],[59]]","[31,1,1,1,1,1,1,1,1,1,1,1,1,1,1,1,1,1,1,1,1,1,1,1,1,1,1,1,1,1]",30,15826,14147,11051,24512,0.241485595703125,0.2158660888671875,0.1686248779296875,0.3740234375,2.6751861572265625,3.2985428440955378,2.26513671875
legacy_pairwise_hc,0.25,16,"[[0,10,12,13],[1,6],[2,8],[3,39],[4,56],[5,28],[7,30,36,53],[9,17,34,35],[11,21,50],[14,16,32,47],[15],[18,24,38,44],[19,26,42],[20,40,59],[22],[23],[25,48],[27,58],[29,37],[31],[33],[41],[43],[45,57],[46],[49],[51],[52],[54],[55]]","[4,4,4,4,4,3,3,3,2,2,2,2,2,2,2,2,2,1,1,1,1,1,1,1,1,1,1,1,1,1]",30,2810,14733,30101,17892,0.042877197265625,0.2248077392578125,0.4593048095703125,0.27301025390625,2.9624481201171875,3.154797449707985,1.335174560546875
objective_aware,0.25,17,"[[0,1,4,6,7,8,10,11,12,16,17,19,22,23,25,28,29,30,32,34,36,39,40,46,47,48,51,52,53,59],[2],[3],[5],[9],[13],[14],[15],[18],[20],[21],[24],[26],[27],[31],[33],[35],[37],[38,49],[41],[42],[43],[44],[45],[50],[54],[55],[56],[57],[58]]","[30,2,1,1,1,1,1,1,1,1,1,1,1,1,1,1,1,1,1,1,1,1,1,1,1,1,1,1,1,1]",30,14039,14990,13585,22922,0.2142181396484375,0.228729248046875,0.2072906494140625,0.349761962890625,2.692596435546875,3.712123755194725,2.17779541015625
legacy_pairwise_hc,0.25,17,"[[0],[1,10,47],[2,3],[4,11],[5,13,38,49],[6],[7],[8,39,53],[9,58],[12,52],[14],[15],[16],[17,19,25],[18,42],[20,34,51],[21,31],[22,32],[23,43],[24],[26],[27],[28,29,30,36],[33,35,44],[37,54,56],[40,41,46],[45,50,55],[48],[57],[59]]","[4,4,3,3,3,3,3,3,3,3,2,2,2,2,2,2,2,2,1,1,1,1,1,1,1,1,1,1,1,1]",30,751,13572,28915,22298,0.0114593505859375,0.20709228515625,0.4412078857421875,0.340240478515625,3.1102294921875,3.5660397789695044,1.0931396484375
objective_aware,0.25,18,"[[0,3,4,5,6,7,9,10,13,14,15,18,20,22,23,24,27,31,32,35,38,41,42,43,45,47,48,50,51,56,57],[1],[2],[8],[11],[12],[16],[17],[19],[21],[25],[26],[28],[29],[30],[33],[34],[36],[37],[39],[40],[44],[46],[49],[52],[53],[54],[55],[58],[59]]","[31,1,1,1,1,1,1,1,1,1,1,1,1,1,1,1,1,1,1,1,1,1,1,1,1,1,1,1,1,1]",30,15546,13946,10133,25911,0.237213134765625,0.212799072265625,0.1546173095703125,0.3953704833984375,2.7081451416015625,3.9812353011100523,2.2162933349609375
legacy_pairwise_hc,0.25,18,"[[0],[1,20,39],[2],[3,24,32,51],[4,6,35],[5,14],[7],[8,21,40],[9,15,41],[10,22,47],[11,19,46,53],[12,44],[13,27,31],[16,52],[17,48],[18],[23,28,42],[25],[26],[29,49,55,58],[30],[33],[34],[36,59],[37],[38],[43,45],[50],[54,57],[56]]","[4,4,4,3,3,3,3,3,3,3,2,2,2,2,2,2,2,1,1,1,1,1,1,1,1,1,1,1,1,1]",30,426,10661,27534,26915,0.006500244140625,0.1626739501953125,0.420135498046875,0.4106903076171875,3.235015869140625,3.5743576625119085,0.917633056640625
objective_aware,0.25,19,"[[0],[1,5,8,9,10,13,15,17,18,19,20,22,24,25,26,27,29,32,34,38,39,41,42,44,46,47,48,49,53,56,58],[2],[3],[4],[6],[7],[11],[12],[14],[16],[21],[23],[28],[30],[31],[33],[35],[36],[37],[40],[43],[45],[50],[51],[52],[54],[55],[57],[59]]","[31,1,1,1,1,1,1,1,1,1,1,1,1,1,1,1,1,1,1,1,1,1,1,1,1,1,1,1,1,1]",30,10618,17788,15137,21993,0.162017822265625,0.27142333984375,0.2309722900390625,0.3355865478515625,2.7401275634765625,5.102610072781963,2.0173492431640625
legacy_pairwise_hc,0.25,19,"[[0],[1,13,32,38,41],[2,51,59],[3],[4,40,57],[5,44,58],[6,7,24],[8,42,53],[9,22,56],[10,34,39],[11],[12],[14,19],[15,46],[16],[17],[18,25,27,49],[20],[21],[23],[26],[28,52],[29,48],[30,31,33,35,37,43],[36],[45],[47],[50],[54],[55]]","[6,5,4,3,3,3,3,3,3,3,2,2,2,2,1,1,1,1,1,1,1,1,1,1,1,1,1,1,1,1]",30,948,11130,27658,25800,0.01446533203125,0.169830322265625,0.422027587890625,0.3936767578125,3.194915771484375,4.30468867293426,0.9910736083984375
objective_aware,0.25,20,"[[0],[1],[2,3,5,6,12,13,18,19,20,21,22,23,24,25,26,27,30,31,36,37,38,40,41,45,46,47,51,52,53,56,59],[4],[7],[8],[9],[10],[11],[14],[15],[16],[17],[28],[29],[32],[33],[34],[35],[39],[42],[43],[44],[48],[49],[50],[54],[55],[57],[58]]","[31,1,1,1,1,1,1,1,1,1,1,1,1,1,1,1,1,1,1,1,1,1,1,1,1,1,1,1,1,1]",30,10875,17155,16597,20909,0.1659393310546875,0.2617645263671875,0.2532501220703125,0.3190460205078125,2.72540283203125,5.175473539803618,2.0341796875
legacy_pairwise_hc,0.25,20,"[[0],[1],[2,6,29,45,48,50,58],[3],[4,55],[5,21,31,41],[7,8,14,34],[9,32],[10,17,35,51],[11],[12,23,53,59],[13,19,46],[15],[16],[18],[20,52],[22],[24,37],[25],[26,36,38,56],[27],[28],[30,40],[33,42],[39],[43],[44,54],[47],[49],[57]]","[7,4,4,4,4,4,3,2,2,2,2,2,2,2,1,1,1,1,1,1,1,1,1,1,1,1,1,1,1,1]",30,1894,9984,26474,27184,0.028900146484375,0.15234375,0.403961181640625,0.414794921875,3.20465087890625,3.9558409550150886,1.00616455078125
objective_aware,0.25,21,"[[0,2,3,4,6,7,8,10,12,13,14,15,19,21,22,23,25,26,27,32,34,35,39,42,45,46,50,51,52,53,56],[1],[5],[9],[11],[16],[17],[18],[20],[24],[28],[29],[30],[31],[33],[36],[37],[38],[40],[41],[43],[44],[47],[48],[49],[54],[55],[57],[58],[59]]","[31,1,1,1,1,1,1,1,1,1,1,1,1,1,1,1,1,1,1,1,1,1,1,1,1,1,1,1,1,1]",30,11840,16137,15282,22277,0.1806640625,0.2462310791015625,0.233184814453125,0.3399200439453125,2.73236083984375,5.866076211006411,2.0558624267578125
legacy_pairwise_hc,0.25,21,"[[0],[1,24,40,47,59],[2,20],[3],[4,42,53,56],[5],[6],[7,10],[8],[9],[11],[12,21],[13,15,27],[14,22,48],[16,57],[17,36],[18,31,37,55],[19,35,52],[23,29,34,39],[25,46],[26,50],[28,45],[30],[32],[33],[38,43,44],[41],[49],[51,58],[54]]","[5,4,4,4,3,3,3,3,2,2,2,2,2,2,2,2,2,1,1,1,1,1,1,1,1,1,1,1,1,1]",30,691,8729,26028,30088,0.0105438232421875,0.1331939697265625,0.39715576171875,0.4591064453125,3.3048248291015625,4.931790293479453,0.833343505859375
objective_aware,0.25,22,"[[0,2,3,4,6,7,10,13,15,20,21,22,23,25,26,30,31,32,33,36,39,40,42,43,48,49,50,51,53,57,59],[1],[5],[8],[9],[11],[12],[14],[16],[17],[18],[19],[24],[27],[28],[29],[34],[35],[37],[38],[41],[44],[45],[46],[47],[52],[54],[55],[56],[58]]","[31,1,1,1,1,1,1,1,1,1,1,1,1,1,1,1,1,1,1,1,1,1,1,1,1,1,1,1,1,1]",30,12575,14880,15036,23045,0.1918792724609375,0.22705078125,0.22943115234375,0.3516387939453125,2.7408294677734375,7.2263946604985065,2.061859130859375
legacy_pairwise_hc,0.25,22,"[[0],[1,14,37],[2,21,59],[3],[4,31],[5,47,54],[6,48,51,57],[7,13,50],[8,11,19],[9],[10],[12,24,29],[15,32,42,43],[16],[17,55],[18,38],[20],[22],[23,41,46,52],[25],[26,39,40,58],[27],[28,35],[30],[33],[34,45],[36],[44,49],[53],[56]]","[4,4,4,4,3,3,3,3,3,3,2,2,2,2,2,2,1,1,1,1,1,1,1,1,1,1,1,1,1,1]",30,433,9712,26947,28444,0.0066070556640625,0.148193359375,0.4111785888671875,0.43402099609375,3.272613525390625,7.5470170478026075,0.8695068359375
objective_aware,0.25,23,"[[0],[1,4,5,6,8,9,10,13,15,17,19,21,25,27,30,31,32,39,40,41,42,44,46,47,49,50,51,52,53,56,57],[2],[3],[7],[11],[12],[14],[16],[18],[20],[22],[23],[24],[26],[28],[29],[33],[34],[35],[36],[37],[38],[43],[45],[48],[54],[55],[58],[59]]","[31,1,1,1,1,1,1,1,1,1,1,1,1,1,1,1,1,1,1,1,1,1,1,1,1,1,1,1,1,1]",30,9057,19222,18488,18769,0.1381988525390625,0.293304443359375,0.2821044921875,0.2863922119140625,2.7166900634765625,12.752542980255619,1.9912109375
legacy_pairwise_hc,0.25,23,"[[0,10,42,51],[1,17,30,33],[2],[3],[4,46,50,56],[5,21,31],[6,8,39,40],[7],[9],[11],[12,32,37,48],[13,53],[14],[15,27],[16,36],[18,29,47],[19,41],[20,34],[22,45],[23],[24],[25,43,49],[26],[28],[35],[38,58,59],[44,52],[54],[55],[57]]","[4,4,4,4,4,3,3,3,3,2,2,2,2,2,2,2,1,1,1,1,1,1,1,1,1,1,1,1,1,1]",30,1345,12306,25374,26511,0.0205230712890625,0.187774658203125,0.387176513671875,0.4045257568359375,3.1757049560546875,11.77948682648795,1.0389862060546875
objective_aware,0.0,0,"[[0],[1,3,4,7,8,9,10,12,14,15,18,20,24,26,28,31,34,35,37,38,40,42,44,46,47,49,50,51,54,58,59],[2],[5],[6],[11],[13],[16],[17],[19],[21],[22],[23],[25],[27],[29],[30],[32],[33],[36],[39],[41],[43],[45],[48],[52],[53],[55],[56],[57]]","[31,1,1,1,1,1,1,1,1,1,1,1,1,1,1,1,1,1,1,1,1,1,1,1,1,1,1,1,1,1]",30,11828,18170,15844,19694,0.18048095703125,0.277252197265625,0.24176025390625,0.300506591796875,2.66229248046875,0.44816856259299864,2.156402587890625
legacy_pairwise_hc,0.0,0,"[[0,52],[1,36],[2,17,19,43],[3,44],[4,7,54],[5,8,42,46],[6,9,18],[10,34,37,50,51],[11,58],[12,14],[13,24],[15],[16],[20,47],[21,41],[22],[23,32],[25,53,55],[26],[27],[28],[29,49],[30],[31,38,59],[33],[35,40],[39],[45,56],[48],[57]]","[5,4,4,3,3,3,3,2,2,2,2,2,2,2,2,2,2,2,2,1,1,1,1,1,1,1,1,1,1,1]",30,845,7123,25093,32475,0.0128936767578125,0.1086883544921875,0.3828887939453125,0.4955291748046875,3.361053466796875,0.45155559739340906,0.7607269287109375
objective_aware,0.0,1,"[[0,1,3,6,10,13,14,19,21,23,24,26,29,33,34,37,38,40,42,43,45,47,48,49,50,51,54,56,57,59],[2],[4],[5],[7],[8],[9],[11,39],[12],[15],[16],[17],[18],[20],[22],[25],[27],[28],[30],[31],[32],[35],[36],[41],[44],[46],[52],[53],[55],[58]]","[30,2,1,1,1,1,1,1,1,1,1,1,1,1,1,1,1,1,1,1,1,1,1,1,1,1,1,1,1,1]",30,11392,16106,17368,20670,0.173828125,0.245758056640625,0.2650146484375,0.315399169921875,2.72198486328125,0.5102152482290333,2.0433349609375
legacy_pairwise_hc,0.0,1,"[[0,33,34],[1,49],[2,17,37],[3,10,56,59],[4,41],[5],[6,50],[7,11,12,20,39,58],[8],[9],[13,19,51],[14],[15],[16,27],[18,53],[21,38],[22,35],[23,24],[25,55],[26,42],[28],[29],[30,36,44],[31,52],[32],[40,45,47],[43],[46,48],[54],[57]]","[6,4,3,3,3,3,3,2,2,2,2,2,2,2,2,2,2,2,2,1,1,1,1,1,1,1,1,1,1,1]",30,964,7184,23958,33430,0.01470947265625,0.109619140625,0.365570068359375,0.510101318359375,3.371063232421875,0.44858833340307075,0.761138916015625
objective_aware,0.0,2,"[[0],[1],[2],[3],[4],[5],[6],[7,8,9,10,11,14,18,19,22,23,25,26,27,29,32,37,38,40,42,43,44,45,46,47,49,51,52,54,56,57,59],[12],[13],[15],[16],[17],[20],[21],[24],[28],[30],[31],[33],[34],[35],[36],[39],[41],[48],[50],[53],[55],[58]]","[31,1,1,1,1,1,1,1,1,1,1,1,1,1,1,1,1,1,1,1,1,1,1,1,1,1,1,1,1,1]",30,10910,16587,16949,21090,0.166473388671875,0.2530975341796875,0.2586212158203125,0.321807861328125,2.7357635498046875,0.5762757043043772,2.016754150390625
legacy_pairwise_hc,0.0,2,"[[0,52,57],[1,39],[2,16,21],[3,4],[5,28],[6,30],[7,29],[8,9,45,46,49],[10],[11,59],[12,15,50],[13,19],[14,22,26],[17,31,36],[18,43],[20],[23,47],[24],[25,48,58],[27,54],[32,37,56],[33],[34,55],[35],[38,40],[41],[42],[44],[51],[53]]","[5,3,3,3,3,3,3,3,2,2,2,2,2,2,2,2,2,2,2,2,1,1,1,1,1,1,1,1,1,1]",30,371,5836,26790,32539,0.0056610107421875,0.08905029296875,0.408782958984375,0.4965057373046875,3.3961334228515625,0.506648299305938,0.6843414306640625
objective_aware,0.0,3,"[[0,2,3,5,8,9,12,15,16,17,19,22,25,26,30,31,32,33,35,38,39,40,41,43,44,45,47,48,49,51,57],[1],[4],[6],[7],[10],[11],[13],[14],[18],[20],[21],[23],[24],[27],[28],[29],[34],[36],[37],[42],[46],[50],[52],[53],[54],[55],[56],[58],[59]]","[31,1,1,1,1,1,1,1,1,1,1,1,1,1,1,1,1,1,1,1,1,1,1,1,1,1,1,1,1,1]",30,12127,16552,15254,21603,0.1850433349609375,0.2525634765625,0.232757568359375,0.3296356201171875,2.7069854736328125,0.6011613095319399,2.1007080078125
legacy_pairwise_hc,0.0,3,"[[0,12],[1,21],[2,8,17],[3,13,44],[4,27,28],[5,16,31],[6,14],[7,23,55],[9,19,40,41,43,47,51],[10],[11,36,42],[15,30,33],[18],[20],[22],[24],[25,26,54],[29,38],[32,45],[34,52],[35,39],[37],[46],[48],[49],[50],[53],[56],[57],[58,59]]","[7,3,3,3,3,3,3,3,3,2,2,2,2,2,2,2,2,1,1,1,1,1,1,1,1,1,1,1,1,1]",30,1673,6884,24571,32408,0.0255279541015625,0.10504150390625,0.3749237060546875,0.4945068359375,3.338409423828125,0.694287305732943,0.825225830078125
objective_aware,0.0,4,"[[0],[1],[2,4,5,10,11,12,13,14,17,23,24,25,27,32,34,35,36,37,38,40,43,46,47,48,49,50,52,53,55,56,57],[3],[6],[7],[8],[9],[15],[16],[18],[19],[20],[21],[22],[26],[28],[29],[30],[31],[33],[39],[41],[42],[44],[45],[51],[54],[58],[59]]","[31,1,1,1,1,1,1,1,1,1,1,1,1,1,1,1,1,1,1,1,1,1,1,1,1,1,1,1,1,1]",30,12083,16410,15292,21751,0.1843719482421875,0.250396728515625,0.23333740234375,0.3318939208984375,2.7127532958984375,0.7186245877255676,2.09075927734375
legacy_pairwise_hc,0.0,4,"[[0,26],[1,15,39],[2],[3,9,21,28],[4,17,32,36,37,56],[5,43,46],[6,18],[7,8,30],[10],[11,13],[12,14,23,34],[16],[19],[20,58],[22,24],[25],[27,29,41],[31,44],[33,45],[35,49,52,53],[38],[40,48],[42],[47],[50],[51],[54],[55],[57],[59]]","[6,4,4,4,3,3,3,3,2,2,2,2,2,2,2,2,1,1,1,1,1,1,1,1,1,1,1,1,1,1]",30,1891,9257,25000,29388,0.0288543701171875,0.1412506103515625,0.3814697265625,0.44842529296875,3.2494659423828125,0.6724135628286397,0.9563751220703125
objective_aware,0.0,5,"[[0],[1],[2,3,9,10,12,13,16,19,20,21,24,25,29,30,31,32,33,34,37,38,39,40,45,46,49,50,51,54,56,57,58],[4],[5],[6],[7],[8],[11],[14],[15],[17],[18],[22],[23],[26],[27],[28],[35],[36],[41],[42],[43],[44],[47],[48],[52],[53],[55],[59]]","[31,1,1,1,1,1,1,1,1,1,1,1,1,1,1,1,1,1,1,1,1,1,1,1,1,1,1,1,1,1]",30,12249,15806,14712,22769,0.1869049072265625,0.241180419921875,0.2244873046875,0.3474273681640625,2.7324371337890625,0.7080388982449809,2.0694580078125
legacy_pairwise_hc,0.0,5,"[[0,9,24,30],[1],[2,34],[3,10,16,46,56],[4],[5],[6,11,22,35,36],[7],[8],[12,33,40,45,50],[13,20],[14,18,43,47],[15],[17,48,52],[19],[21,39],[23],[25,27,28],[26],[29],[31,49],[32],[37,51,57,58],[38],[41],[42],[44],[53,55],[54],[59]]","[5,5,5,4,4,4,3,3,2,2,2,2,2,1,1,1,1,1,1,1,1,1,1,1,1,1,1,1,1,1]",30,1642,9257,24454,30183,0.025054931640625,0.1412506103515625,0.373138427734375,0.4605560302734375,3.269195556640625,0.7098590812440646,0.9278717041015625
objective_aware,0.0,6,"[[0],[1],[2],[3],[4,8,9,12,13,14,16,20,21,22,23,24,26,27,28,29,33,34,35,36,37,38,40,44,47,48,51,55,56,57,59],[5],[6],[7],[10],[11],[15],[17],[18],[19],[25],[30],[31],[32],[39],[41],[42],[43],[45],[46],[49],[50],[52],[53],[54],[58]]","[31,1,1,1,1,1,1,1,1,1,1,1,1,1,1,1,1,1,1,1,1,1,1,1,1,1,1,1,1,1]",30,11575,16516,14488,22957,0.1766204833984375,0.25201416015625,0.2210693359375,0.3502960205078125,2.7450408935546875,1.206034767114988,2.036834716796875
legacy_pairwise_hc,0.0,6,"[[0,1],[2,38,58],[3,10,53],[4,13,21,23,40],[5,15,30],[6,17,25],[7,41],[8,29,47,59],[9],[11,50],[12],[14],[16,18,48],[19,42],[20],[22,33],[24,26,27,35],[28,34,57],[31,43],[32],[36,55],[37],[39],[44],[45,52],[46],[49],[51],[54],[56]]","[5,4,4,3,3,3,3,3,3,2,2,2,2,2,2,2,2,1,1,1,1,1,1,1,1,1,1,1,1,1]",30,1805,7097,27161,29473,0.0275421142578125,0.1082916259765625,0.4144439697265625,0.4497222900390625,3.286346435546875,1.1481698242326577,0.8807830810546875
objective_aware,0.0,7,"[[0],[1,4,5,7,8,9,11,13,18,19,20,21,24,25,26,27,28,32,33,41,42,43,46,47,49,50,51,52,57,58,59],[2],[3],[6],[10],[12],[14],[15],[16],[17],[22],[23],[29],[30],[31],[34],[35],[36],[37],[38],[39],[40],[44],[45],[48],[53],[54],[55],[56]]","[31,1,1,1,1,1,1,1,1,1,1,1,1,1,1,1,1,1,1,1,1,1,1,1,1,1,1,1,1,1]",30,16462,13491,11349,24234,0.251190185546875,0.2058563232421875,0.1731719970703125,0.369781494140625,2.6615447998046875,1.118859213270167,2.297882080078125
legacy_pairwise_hc,0.0,7,"[[0,6,40],[1,9,27,33,57],[2,29],[3],[4],[5,43],[7,41,46],[8,47,52],[10,21,37,42],[11],[12],[13,26,32,49,51],[14,38],[15],[16],[17,44],[18],[19,20,24],[22],[23,34],[25,50],[28,58],[30],[31],[35,53],[36,56],[39,48],[45],[54,55],[59]]","[5,5,4,3,3,3,3,2,2,2,2,2,2,2,2,2,2,2,1,1,1,1,1,1,1,1,1,1,1,1]",30,2998,10579,26633,25326,0.045745849609375,0.1614227294921875,0.4063873291015625,0.386444091796875,3.1335296630859375,1.046638370776663,1.131744384765625
objective_aware,0.0,8,"[[0],[1,5,6,7,8,10,11,14,15,16,21,22,23,26,27,30,32,34,36,37,38,42,43,44,46,49,50,52,53,57,58],[2],[3],[4],[9],[12],[13],[17],[18],[19],[20],[24],[25],[28],[29],[31],[33],[35],[39],[40],[41],[45],[47],[48],[51],[54],[55],[56],[59]]","[31,1,1,1,1,1,1,1,1,1,1,1,1,1,1,1,1,1,1,1,1,1,1,1,1,1,1,1,1,1]",30,15780,14141,12238,23377,0.24078369140625,0.2157745361328125,0.186737060546875,0.3567047119140625,2.65936279296875,1.1048865724635382,2.2787628173828125
legacy_pairwise_hc,0.0,8,"[[0,18],[1,5,36,57],[2,13],[3,4],[6,34],[7,14,32],[8,11],[9,35,40],[10,21],[12],[15,30,43],[16],[17,47,56],[19,25,29,41],[20,33],[22,37,44,49],[23,38,53],[24],[26],[27],[28],[31,54],[39],[42],[45,59],[46],[48],[50,52,58],[51],[55]]","[4,4,4,3,3,3,3,3,3,2,2,2,2,2,2,2,2,2,1,1,1,1,1,1,1,1,1,1,1,1]",30,2190,9047,25954,28345,0.033416748046875,0.1380462646484375,0.396026611328125,0.4325103759765625,3.227630615234375,1.0471630798445808,0.978973388671875
objective_aware,0.0,9,"[[0,2,3,5,7,8,9,14,19,20,21,22,23,24,25,27,29,31,33,36,39,41,42,45,46,48,54,56,57,58,59],[1],[4],[6],[10],[11],[12],[13],[15],[16],[17],[18],[26],[28],[30],[32],[34],[35],[37],[38],[40],[43],[44],[47],[49],[50],[51],[52],[53],[55]]","[31,1,1,1,1,1,1,1,1,1,1,1,1,1,1,1,1,1,1,1,1,1,1,1,1,1,1,1,1,1]",30,13106,16556,13655,22219,0.199981689453125,0.25262451171875,0.2083587646484375,0.3390350341796875,2.6864471435546875,1.1825135836037257,2.1661224365234375
legacy_pairwise_hc,0.0,9,"[[0,48],[1],[2,27,57],[3,58],[4],[5],[6,13,30,51],[7],[8,19,20,25,59],[9,34],[10],[11,12],[14,31,33,42,45],[15,28],[16],[17],[18],[21,41],[22,29,56],[23,24,43,54],[26,35],[32],[36],[37],[38,40,55],[39,49],[44,53],[46],[47],[50,52]]","[5,5,4,4,3,3,3,2,2,2,2,2,2,2,2,2,2,1,1,1,1,1,1,1,1,1,1,1,1,1]",30,3057,9434,25196,27849,0.0466461181640625,0.143951416015625,0.38446044921875,0.4249420166015625,3.1876983642578125,1.1214569152570237,1.0630645751953125
objective_aware,0.0,10,"[[0],[1],[2],[3],[4,6,12,13,16,19,20,21,22,23,25,26,28,30,31,32,37,38,39,42,43,46,47,48,51,52,53,55,56,57,58],[5],[7],[8],[9],[10],[11],[14],[15],[17],[18],[24],[27],[29],[33],[34],[35],[36],[40],[41],[44],[45],[49],[50],[54],[59]]","[31,1,1,1,1,1,1,1,1,1,1,1,1,1,1,1,1,1,1,1,1,1,1,1,1,1,1,1,1,1]",30,15301,14661,11997,23577,0.2334747314453125,0.2237091064453125,0.1830596923828125,0.3597564697265625,2.669097900390625,1.3368670445616526,2.255035400390625
legacy_pairwise_hc,0.0,10,"[[0,15,36],[1],[2],[3],[4,9,59],[5,24,33],[6,16,46],[7,17,50],[8,54],[10,19,45,55],[11],[12,38,39],[13,22,30],[14],[18,48],[20,25,28,53],[21,31,32,47],[23,37],[26],[27],[29,35],[34],[40],[41,57],[42,58],[43],[44],[49],[51,52],[56]]","[4,4,4,3,3,3,3,3,3,3,2,2,2,2,2,2,2,1,1,1,1,1,1,1,1,1,1,1,1,1]",30,1706,10676,27105,26049,0.026031494140625,0.16290283203125,0.4135894775390625,0.3974761962890625,3.1825103759765625,1.1747752065243928,1.0189361572265625
objective_aware,0.0,11,"[[0,1,8,9,10,11,13,14,16,17,18,20,25,26,28,29,30,33,35,42,43,44,49,50,51,53,54,55,56,57,58],[2],[3],[4],[5],[6],[7],[12],[15],[19],[21],[22],[23],[24],[27],[31],[32],[34],[36],[37],[38],[39],[40],[41],[45],[46],[47],[48],[52],[59]]","[31,1,1,1,1,1,1,1,1,1,1,1,1,1,1,1,1,1,1,1,1,1,1,1,1,1,1,1,1,1]",30,18529,11889,9473,25645,0.2827301025390625,0.1814117431640625,0.1445465087890625,0.3913116455078125,2.644439697265625,1.611686002054522,2.385162353515625
legacy_pairwise_hc,0.0,11,"[[0,8],[1,18],[2,4],[3,41],[5,6,10],[7,40],[9,43,53],[11,28,51,58],[12],[13],[14],[15],[16,29,56,57],[17,22],[19],[20,30,35,49],[21,38],[23],[24],[25,26,33,54],[27,48],[31,32,47,59],[34],[36],[37,46],[39],[42,50],[44,55],[45],[52]]","[4,4,4,4,4,3,3,2,2,2,2,2,2,2,2,2,2,2,1,1,1,1,1,1,1,1,1,1,1,1]",30,2621,12633,26765,23517,0.0399932861328125,0.1927642822265625,0.4084014892578125,0.3588409423828125,3.086090087890625,1.5048506957419374,1.16864013671875
objective_aware,0.0,12,"[[0,12,51],[1,5,9,10,11,17,18,19,20,21,22,25,29,31,33,35,36,37,38,39,40,45,47,49,52,53,58],[2],[3],[4,57],[6],[7],[8],[13,56],[14],[15],[16],[23],[24],[26],[27],[28],[30],[32],[34],[41],[42],[43],[44],[46],[48],[50],[54],[55],[59]]","[27,3,2,2,1,1,1,1,1,1,1,1,1,1,1,1,1,1,1,1,1,1,1,1,1,1,1,1,1,1]",30,12901,14042,16721,21872,0.1968536376953125,0.214263916015625,0.2551422119140625,0.333740234375,2.72576904296875,1.8859817363907783,2.0738983154296875
legacy_pairwise_hc,0.0,12,"[[0,12,51],[1,35],[2,26,30,42],[3],[4,57],[5,11,21,49],[6],[7,32],[8,28,50,55],[9,25,33],[10],[13,34,56],[14],[15],[16],[17,18,47,53],[19],[20,39],[22,29,31,45],[23,43],[24],[27,38,52],[36],[37],[40,58],[41,44],[46],[48],[54],[59]]","[4,4,4,4,4,3,3,3,3,2,2,2,2,2,2,2,1,1,1,1,1,1,1,1,1,1,1,1,1,1]",30,1940,13499,26967,23130,0.02960205078125,0.2059783935546875,0.4114837646484375,0.352935791015625,3.0877532958984375,1.6841975377530467,1.1650238037109375
objective_aware,0.0,13,"[[0],[1],[2],[3,6,8,9,11,13,16,17,19,20,21,22,27,28,30,32,34,35,38,40,44,46,47,48,52,55,56,57,58,59],[4],[5],[7],[10],[12,42],[14],[15],[18],[23],[24],[25],[26],[29],[31],[33],[36],[37],[39],[41],[43],[45],[49],[50],[51],[53],[54]]","[30,2,1,1,1,1,1,1,1,1,1,1,1,1,1,1,1,1,1,1,1,1,1,1,1,1,1,1,1,1]",30,12404,15606,16945,20581,0.18927001953125,0.238128662109375,0.2585601806640625,0.3140411376953125,2.6973724365234375,1.7918882509437175,2.1083984375
legacy_pairwise_hc,0.0,13,"[[0,29,39],[1],[2,7,33],[3,40],[4,46],[5,37],[6,20,48,57],[8,44],[9,38,59],[10,18],[11,28,30,35],[12,25,36,42],[13,14],[15],[16],[17],[19,32],[21,27],[22],[23,43,51],[24,31],[26,53],[34,52,55,58],[41],[45],[47],[49],[50],[54],[56]]","[4,4,4,4,3,3,3,3,2,2,2,2,2,2,2,2,2,2,1,1,1,1,1,1,1,1,1,1,1,1]",30,1754,13542,27922,22318,0.026763916015625,0.206634521484375,0.426055908203125,0.340545654296875,3.08038330078125,1.8753567156584368,1.1676483154296875
objective_aware,0.0,14,"[[0],[1],[2],[3,4,5,8,9,10,12,14,15,22,24,26,27,29,31,33,34,35,37,39,41,42,43,45,46,50,52,53,58],[6,38],[7],[11],[13],[16],[17],[18],[19],[20,21],[23],[25],[28],[30],[32],[36],[40],[44],[47],[48],[49],[51],[54],[55],[56],[57],[59]]","[29,2,2,1,1,1,1,1,1,1,1,1,1,1,1,1,1,1,1,1,1,1,1,1,1,1,1,1,1,1]",30,16023,11942,13240,24331,0.2444915771484375,0.182220458984375,0.2020263671875,0.3712615966796875,2.7000579833984375,2.4528396144217135,2.21429443359375
legacy_pairwise_hc,0.0,14,"[[0,36,40],[1,12,15,17],[2],[3],[4],[5,10,33,42],[6,38],[7],[8,9,27],[11,47,51],[13,18,19,57],[14,43,45,46],[16,20,21,30],[22,23,31],[24,32],[25,49],[26],[28,41],[29],[34,53],[35],[37,50],[39],[44,59],[48],[52],[54],[55],[56],[58]]","[4,4,4,4,4,3,3,3,3,2,2,2,2,2,2,2,1,1,1,1,1,1,1,1,1,1,1,1,1,1]",30,2583,10353,31238,21362,0.0394134521484375,0.1579742431640625,0.476654052734375,0.325958251953125,3.0891571044921875,2.1771262932796867,1.1463623046875
objective_aware,0.0,15,"[[0,3,4,6,8,9,12,14,17,19,20,24,25,26,27,28,30,31,32,37,43,44,45,47,49,50,52,56,57],[1],[2],[5],[7],[10],[11],[13],[15],[16],[18],[21],[22],[23],[29,58,59],[33],[34],[35],[36],[38],[39],[40],[41],[42],[46],[48],[51],[53],[54],[55]]","[29,3,1,1,1,1,1,1,1,1,1,1,1,1,1,1,1,1,1,1,1,1,1,1,1,1,1,1,1,1]",30,14929,16637,9474,24496,0.2277984619140625,0.2538604736328125,0.144561767578125,0.373779296875,2.6643218994140625,3.1208491998663157,2.2694549560546875
legacy_pairwise_hc,0.0,15,"[[0,26,47,52],[1,18,21,39],[2],[3,25,49],[4,30],[5,29,58,59],[6,17,50],[7],[8,20,24],[9],[10,16],[11],[12,28,56],[13],[14,43],[15,42,48],[19],[22,40],[23],[27,31],[32,54,57],[33],[34,41],[35,36],[37,44],[38],[45],[46,55],[51],[53]]","[4,4,4,3,3,3,3,3,3,2,2,2,2,2,2,2,2,2,1,1,1,1,1,1,1,1,1,1,1,1]",30,2070,13669,28971,20826,0.031585693359375,0.2085723876953125,0.4420623779296875,0.317779541015625,3.0460357666015625,3.3009183194902207,1.2158966064453125
objective_aware,0.0,16,"[[0,1,2,3,6,7,8,9,10,12,13,17,18,19,21,23,24,26,30,34,35,36,38,39,42,45,49,50,51,53,57],[4],[5],[11],[14],[15],[16],[20],[22],[25],[27],[28],[29],[31],[32],[33],[37],[40],[41],[43],[44],[46],[47],[48],[52],[54],[55],[56],[58],[59]]","[31,1,1,1,1,1,1,1,1,1,1,1,1,1,1,1,1,1,1,1,1,1,1,1,1,1,1,1,1,1]",30,18722,12381,8792,25641,0.285675048828125,0.1889190673828125,0.1341552734375,0.3912506103515625,2.6309814453125,3.677278765042623,2.4149627685546875
legacy_pairwise_hc,0.0,16,"[[0,10,12,13],[1,49],[2,8],[3,39],[4,56],[5,28],[6,45,57],[7,30,36,53],[9,17,34,35],[11,21,46,50],[14,16,32,47],[15],[18,24,38],[19,26,42],[20,40,59],[22],[23],[25],[27,58],[29,37],[31],[33],[41],[43],[44],[48],[51],[52],[54],[55]]","[4,4,4,4,4,3,3,3,3,2,2,2,2,2,2,2,1,1,1,1,1,1,1,1,1,1,1,1,1,1]",30,2874,15578,29115,17969,0.043853759765625,0.237701416015625,0.4442596435546875,0.2741851806640625,2.9487762451171875,3.2749191546926695,1.3665008544921875
objective_aware,0.0,17,"[[0,1,4,6,7,8,10,11,12,16,17,19,22,23,25,28,29,30,32,34,36,39,40,41,46,47,48,51,53,59],[2],[3],[5],[9],[13],[14],[15],[18],[20],[21],[24],[26],[27],[31],[33],[35],[37],[38,49],[42],[43],[44],[45],[50],[52],[54],[55],[56],[57],[58]]","[30,2,1,1,1,1,1,1,1,1,1,1,1,1,1,1,1,1,1,1,1,1,1,1,1,1,1,1,1,1]",30,14352,14864,13201,23119,0.218994140625,0.226806640625,0.2014312744140625,0.3527679443359375,2.6879730224609375,3.7224337461344694,2.19488525390625
legacy_pairwise_hc,0.0,17,"[[0,1,10,47],[2,3],[4,11],[5,13,15,38,49],[6],[7],[8,39,53],[9],[12,52],[14],[16],[17,19,25],[18,42],[20,34],[21],[22,32],[23,43],[24],[26,27],[28,29,30,36],[31],[33,35,44],[37,54,56],[40,41,46],[45,50,55],[48],[51],[57],[58],[59]]","[5,4,4,3,3,3,3,3,3,2,2,2,2,2,2,2,2,1,1,1,1,1,1,1,1,1,1,1,1,1]",30,1624,13677,27412,22823,0.0247802734375,0.2086944580078125,0.41827392578125,0.3482513427734375,3.089996337890625,3.667020156979561,1.154571533203125
objective_aware,0.0,18,"[[0,3,4,5,6,7,9,10,13,14,15,18,20,22,23,24,27,28,31,32,35,38,41,42,43,45,47,50,51,56,57],[1],[2],[8],[11],[12],[16],[17],[19],[21],[25],[26],[29],[30],[33],[34],[36],[37],[39],[40],[44],[46],[48],[49],[52],[53],[54],[55],[58],[59]]","[31,1,1,1,1,1,1,1,1,1,1,1,1,1,1,1,1,1,1,1,1,1,1,1,1,1,1,1,1,1]",30,15874,13688,9730,26244,0.242218017578125,0.2088623046875,0.148468017578125,0.40045166015625,2.7071533203125,4.02963982576965,2.228363037109375
legacy_pairwise_hc,0.0,18,"[[0],[1,20,39],[2,43,45],[3,24,32,51],[4,6,35],[5,14],[7,57],[8,21,40],[9,38],[10,22,47],[11,19,46,53],[12,36,59],[13,27,31],[15,41],[16],[17,48],[18],[23,28,42],[25],[26],[29,49,55],[30,34],[33],[37],[44],[50],[52],[54],[56],[58]]","[4,4,3,3,3,3,3,3,3,3,3,2,2,2,2,2,2,1,1,1,1,1,1,1,1,1,1,1,1,1]",30,274,10649,28149,26464,0.004180908203125,0.1624908447265625,0.4295196533203125,0.40380859375,3.2329559326171875,3.925412734349569,0.91534423828125
objective_aware,0.0,19,"[[0],[1,5,8,9,10,13,14,15,17,18,19,20,22,25,26,27,29,32,34,38,39,41,42,44,46,47,48,49,53,56,58],[2],[3],[4],[6],[7],[11],[12],[16],[21],[23],[24],[28],[30],[31],[33],[35],[36],[37],[40],[43],[45],[50],[51],[52],[54],[55],[57],[59]]","[31,1,1,1,1,1,1,1,1,1,1,1,1,1,1,1,1,1,1,1,1,1,1,1,1,1,1,1,1,1]",30,11000,17723,14607,22206,0.1678466796875,0.2704315185546875,0.2228851318359375,0.338836669921875,2.7327117919921875,5.291342084125806,2.041259765625
legacy_pairwise_hc,0.0,19,"[[0],[1,13,32,38,41],[2,4,40,51,57,59],[3,10,34,39],[5,44,58],[6,7,24],[8,42,53],[9,22,56],[11],[12],[14,19],[15,46],[16],[17],[18,25,27,49],[20],[21],[23],[26],[28],[29,48],[30,33],[31,35,37,43],[36],[45],[47],[50],[52],[54],[55]]","[6,5,4,4,4,3,3,3,3,2,2,2,2,1,1,1,1,1,1,1,1,1,1,1,1,1,1,1,1,1]",30,867,12112,28003,24554,0.0132293701171875,0.184814453125,0.4272918701171875,0.374664306640625,3.16339111328125,4.612398697158038,1.030914306640625
objective_aware,0.0,20,"[[0],[1,3,5,12,13,18,19,20,21,22,23,24,25,26,27,30,31,36,37,38,40,41,44,46,47,51,52,53,54,56,59],[2],[4],[6],[7],[8],[9],[10],[11],[14],[15],[16],[17],[28],[29],[32],[33],[34],[35],[39],[42],[43],[45],[48],[49],[50],[55],[57],[58]]","[31,1,1,1,1,1,1,1,1,1,1,1,1,1,1,1,1,1,1,1,1,1,1,1,1,1,1,1,1,1]",30,12499,16505,13952,22580,0.1907196044921875,0.2518463134765625,0.212890625,0.34454345703125,2.7112579345703125,5.470825850066318,2.1127471923828125
legacy_pairwise_hc,0.0,20,"[[0],[1],[2,6,29,45,48],[3],[4,55],[5,21,31,41],[7,14,34],[8],[9,32],[10,17,35,51],[11,44,54],[12,23,53,59],[13,19,46],[15],[16],[18],[20,22,30,52],[24,37],[25],[26,36,38,56],[27],[28],[33,42],[39],[40],[43],[47],[49],[50,58],[57]]","[5,4,4,4,4,4,3,3,3,2,2,2,2,2,1,1,1,1,1,1,1,1,1,1,1,1,1,1,1,1]",30,1084,10491,27468,26493,0.01654052734375,0.1600799560546875,0.41912841796875,0.4042510986328125,3.211090087890625,4.453809923595852,0.967620849609375
objective_aware,0.0,21,"[[0,2,3,4,6,7,8,10,12,13,14,15,19,21,22,23,25,26,27,32,34,35,39,42,45,46,50,51,52,53,56],[1],[5],[9],[11],[16],[17],[18],[20],[24],[28],[29],[30],[31],[33],[36],[37],[38],[40],[41],[43],[44],[47],[48],[49],[54],[55],[57],[58],[59]]","[31,1,1,1,1,1,1,1,1,1,1,1,1,1,1,1,1,1,1,1,1,1,1,1,1,1,1,1,1,1]",30,11840,16137,15282,22277,0.1806640625,0.2462310791015625,0.233184814453125,0.3399200439453125,2.73236083984375,5.866076211006411,2.0558624267578125
legacy_pairwise_hc,0.0,21,"[[0],[1],[2,20],[3],[4,26,42,50,53,56],[5],[6],[7,10,19,25,35,46,52],[8,13,15,27],[9],[11],[12,21],[14,22,32],[16,57],[17],[18,31,37,55],[23,29,39,54],[24,40,47,59],[28,45],[30],[33],[34],[36],[38],[41],[43],[44],[48],[49],[51,58]]","[7,6,4,4,4,4,3,2,2,2,2,2,1,1,1,1,1,1,1,1,1,1,1,1,1,1,1,1,1,1]",30,2189,11700,24431,27216,0.0334014892578125,0.17852783203125,0.3727874755859375,0.415283203125,3.169952392578125,6.0601712465286255,1.086700439453125
objective_aware,0.0,22,"[[0,2,4,6,7,10,13,15,21,22,23,25,27,30,31,32,33,39,40,41,42,43,46,48,49,50,51,52,53,57,59],[1],[3],[5],[8],[9],[11],[12],[14],[16],[17],[18],[19],[20],[24],[26],[28],[29],[34],[35],[36],[37],[38],[44],[45],[47],[54],[55],[56],[58]]","[31,1,1,1,1,1,1,1,1,1,1,1,1,1,1,1,1,1,1,1,1,1,1,1,1,1,1,1,1,1]",30,12795,15421,14185,23135,0.1952362060546875,0.2353057861328125,0.2164459228515625,0.3530120849609375,2.72723388671875,7.699766742542226,2.093780517578125
legacy_pairwise_hc,0.0,22,"[[0],[1,14,37],[2,21,59],[3,9],[4,31],[5,8,11,19,47,54],[6,48,51,57],[7,50],[10],[12,24,29],[13],[15,32,42,43],[16],[17,55],[18,38],[20],[22],[23,41,46,52],[25],[26,39,40],[27],[28,35],[30],[33],[34,45],[36],[44,49],[53],[56],[58]]","[6,4,4,4,3,3,3,3,2,2,2,2,2,2,2,2,1,1,1,1,1,1,1,1,1,1,1,1,1,1]",30,691,10489,27016,27340,0.0105438232421875,0.1600494384765625,0.4122314453125,0.41717529296875,3.2360382080078125,7.8783025021822946,0.9313201904296875
objective_aware,0.0,23,"[[0],[1,4,5,6,8,10,13,17,19,21,22,25,30,31,33,36,38,39,40,41,42,44,45,46,49,50,51,52,53,56,58],[2],[3],[7],[9],[11],[12],[14],[15],[16],[18],[20],[23],[24],[26],[27],[28],[29],[32],[34],[35],[37],[43],[47],[48],[54],[55],[57],[59]]","[31,1,1,1,1,1,1,1,1,1,1,1,1,1,1,1,1,1,1,1,1,1,1,1,1,1,1,1,1,1]",30,9850,18728,18504,18454,0.150299072265625,0.2857666015625,0.2823486328125,0.281585693359375,2.695220947265625,14.879624220120009,2.04144287109375
legacy_pairwise_hc,0.0,23,"[[0,10,42,51],[1,17,30],[2],[3],[4,24,46,50,56],[5,21,31],[6,8,40],[7],[9],[11,44,52],[12,37],[13,53,54],[14],[15,27],[16,36],[18,29,47],[19,41],[20,34],[22,45],[23],[25,26,49],[28],[32,48],[33],[35],[38,58,59],[39],[43],[55],[57]]","[5,4,3,3,3,3,3,3,3,3,2,2,2,2,2,2,2,1,1,1,1,1,1,1,1,1,1,1,1,1]",30,1490,12294,25687,26065,0.022735595703125,0.187591552734375,0.3919525146484375,0.3977203369140625,3.1646575927734375,14.737108950919293,1.0558319091796875
