model,layer,expert_i,expert_j,comparison,category,same_group_a0,same_group_a05,same_group_a1,hc_mean_l2,hc_mean_rel_l2,coactivation_rate,routing_jaccard,active_union_rel_l2,corouted_rel_l2,num_union_tokens,num_corouted_tokens
mixtral,0,0,1,05_vs_1,routing_only,False,False,True,0.16309167444705963,0.4036654829978943,0.08636474609375,0.2077826725403818,1.0424379315145216,0.9366910860311016,6810,1415
mixtral,0,0,4,05_vs_1,routing_only,False,False,True,0.1352616846561432,0.3509920835494995,0.03790283203125,0.07766383191595798,1.0666895466127535,0.9789587237216808,7996,621
mixtral,0,0,6,05_vs_1,routing_only,False,False,True,0.14034785330295563,0.38526687026023865,0.05279541015625,0.11749524585710405,1.102173368168473,0.8705904774583144,7362,865
mixtral,0,0,7,05_vs_1,routing_only,False,False,True,0.11940735578536987,0.32561978697776794,0.063720703125,0.13663133097762073,1.0634400565311275,1.0313844776701653,7641,1044
mixtral,0,1,4,05_vs_1,routing_only,False,False,True,0.15389961004257202,0.3543297052383423,0.06591796875,0.1598105948505475,0.9638743241110579,0.8932598112357988,6758,1080
mixtral,0,1,6,05_vs_1,routing_only,False,False,True,0.1942053586244583,0.4699375033378601,0.00250244140625,0.005535304441744296,1.1271312147624357,1.044414370525174,7407,41
mixtral,0,1,7,05_vs_1,routing_only,False,False,True,0.18346819281578064,0.44137048721313477,0.02862548828125,0.06306306306306306,1.0628469297125147,0.9995460388248664,7437,469
mixtral,0,2,3,05_vs_1,hybrid_only_vs_routing,True,True,False,0.1183382049202919,0.26846349239349365,0.0531005859375,0.12329931972789115,0.95767828882957,0.8752860444715653,7056,870
mixtral,0,2,3,0_vs_05,shared_0_05,True,True,False,0.1183382049202919,0.26846349239349365,0.0531005859375,0.12329931972789115,0.95767828882957,0.8752860444715653,7056,870
mixtral,0,2,4,05_vs_1,hybrid_only_vs_routing,True,True,False,0.13554707169532776,0.31337419152259827,0.02996826171875,0.0652058432934927,1.0104236714235182,0.9136385977146825,7530,491
mixtral,0,2,4,0_vs_05,shared_0_05,True,True,False,0.13554707169532776,0.31337419152259827,0.02996826171875,0.0652058432934927,1.0104236714235182,0.9136385977146825,7530,491
mixtral,0,2,5,05_vs_1,hybrid_only_vs_routing,True,True,False,0.12431451678276062,0.286791056394577,0.05841064453125,0.12687259710990323,0.9779268335825123,0.9210963006303602,7543,957
mixtral,0,2,5,0_vs_05,shared_0_05,True,True,False,0.12431451678276062,0.286791056394577,0.05841064453125,0.12687259710990323,0.9779268335825123,0.9210963006303602,7543,957
mixtral,0,2,7,05_vs_1,hybrid_only_vs_routing,True,True,False,0.14545321464538574,0.3514389991760254,0.02197265625,0.0465778237805667,1.0588384902960024,0.9755265588561693,7729,360
mixtral,0,2,7,0_vs_05,shared_0_05,True,True,False,0.14545321464538574,0.3514389991760254,0.02197265625,0.0465778237805667,1.0588384902960024,0.9755265588561693,7729,360
mixtral,0,3,4,05_vs_1,hybrid_only_vs_routing,True,True,False,0.12842155992984772,0.30292364954948425,0.01739501953125,0.03630573248407643,1.0161387104593265,0.953805178508424,7850,285
mixtral,0,3,4,0_vs_05,shared_0_05,True,True,False,0.12842155992984772,0.30292364954948425,0.01739501953125,0.03630573248407643,1.0161387104593265,0.953805178508424,7850,285
mixtral,0,3,5,05_vs_1,hybrid_only_vs_routing,True,True,False,0.12187600135803223,0.28685691952705383,0.08056640625,0.18097066081710994,0.9830976025450874,0.9163585047830235,7294,1320
mixtral,0,3,5,0_vs_05,shared_0_05,True,True,False,0.12187600135803223,0.28685691952705383,0.08056640625,0.18097066081710994,0.9830976025450874,0.9163585047830235,7294,1320
mixtral,0,3,7,05_vs_1,hybrid_only_vs_routing,True,True,False,0.13626433908939362,0.3362238109111786,0.033203125,0.07102754928841885,1.0564233501238585,0.9919328972258988,7659,544
mixtral,0,3,7,0_vs_05,shared_0_05,True,True,False,0.13626433908939362,0.3362238109111786,0.033203125,0.07102754928841885,1.0564233501238585,0.9919328972258988,7659,544
mixtral,0,4,5,05_vs_1,hybrid_only_vs_routing,True,True,False,0.12762770056724548,0.3063485324382782,0.024169921875,0.04763623240707326,1.0100435004342725,0.9622969482884263,8313,396
mixtral,0,4,5,0_vs_05,shared_0_05,True,True,False,0.12762770056724548,0.3063485324382782,0.024169921875,0.04763623240707326,1.0100435004342725,0.9622969482884263,8313,396
mixtral,0,4,6,05_vs_1,routing_only,False,False,True,0.1447882354259491,0.36692342162132263,0.04522705078125,0.10438089871812932,1.0741849440657802,0.937197746857297,7099,741
mixtral,0,4,7,05_vs_1,shared_05_1,True,True,True,0.11355777084827423,0.28602442145347595,0.03057861328125,0.06425548287803001,1.0095810258451205,0.9819013647690504,7797,501
mixtral,0,4,7,0_vs_05,shared_0_05,True,True,True,0.11355777084827423,0.28602442145347595,0.03057861328125,0.06425548287803001,1.0095810258451205,0.9819013647690504,7797,501
mixtral,0,5,7,05_vs_1,hybrid_only_vs_routing,True,True,False,0.11357265710830688,0.28539589047431946,0.06292724609375,0.13310095533178415,1.006007607457806,0.8891763988336698,7746,1031
mixtral,0,5,7,0_vs_05,shared_0_05,True,True,False,0.11357265710830688,0.28539589047431946,0.06292724609375,0.13310095533178415,1.006007607457806,0.8891763988336698,7746,1031
mixtral,0,6,7,05_vs_1,routing_only,False,False,True,0.13472384214401245,0.3583662509918213,0.0142822265625,0.03049257232212666,1.0991943251008567,1.007460109443746,7674,234
mixtral,1,0,1,05_vs_1,shared_05_1,False,True,True,0.1790962964296341,0.2660326063632965,0.02374267578125,0.0504801453412925,1.0675945900769286,1.0134028499720948,7706,389
mixtral,1,0,1,0_vs_05,hybrid_only_vs_hc,False,True,True,0.1790962964296341,0.2660326063632965,0.02374267578125,0.0504801453412925,1.0675945900769286,1.0134028499720948,7706,389
mixtral,1,0,2,05_vs_1,shared_05_1,False,True,True,0.1637864112854004,0.24096709489822388,0.05181884765625,0.11037441497659907,1.0101228328155343,0.8965962866871882,7692,849
mixtral,1,0,2,0_vs_05,hybrid_only_vs_hc,False,True,True,0.1637864112854004,0.24096709489822388,0.05181884765625,0.11037441497659907,1.0101228328155343,0.8965962866871882,7692,849
mixtral,1,0,4,05_vs_1,shared_05_1,False,True,True,0.8964986205101013,0.874319314956665,0.0281982421875,0.05641025641025641,1.0619730291494665,0.9939004925938396,8190,462
mixtral,1,0,4,0_vs_05,hybrid_only_vs_hc,False,True,True,0.8964986205101013,0.874319314956665,0.0281982421875,0.05641025641025641,1.0619730291494665,0.9939004925938396,8190,462
mixtral,1,0,5,05_vs_1,shared_05_1,False,True,True,0.1768653243780136,0.26118361949920654,0.0455322265625,0.09849485080538685,1.0318179028563679,0.9336135379430756,7574,746
mixtral,1,0,5,0_vs_05,hybrid_only_vs_hc,False,True,True,0.1768653243780136,0.26118361949920654,0.0455322265625,0.09849485080538685,1.0318179028563679,0.9336135379430756,7574,746
mixtral,1,0,6,0_vs_05,hc_only,True,False,False,0.1728309988975525,0.2625489830970764,0.0504150390625,0.11180292365998917,1.0273289027314736,0.9301580237562951,7388,826
mixtral,1,1,2,05_vs_1,shared_05_1,True,True,True,0.16078054904937744,0.23634719848632812,0.03887939453125,0.08581436077057793,1.0489723820193637,0.9807412469967194,7423,637
mixtral,1,1,2,0_vs_05,shared_0_05,True,True,True,0.16078054904937744,0.23634719848632812,0.03887939453125,0.08581436077057793,1.0489723820193637,0.9807412469967194,7423,637
mixtral,1,1,4,05_vs_1,shared_05_1,False,True,True,0.8975587487220764,0.8748683929443359,0.0758056640625,0.1792466445374513,1.0195255876877793,0.9669619143105167,6929,1242
mixtral,1,1,4,0_vs_05,hybrid_only_vs_hc,False,True,True,0.8975587487220764,0.8748683929443359,0.0758056640625,0.1792466445374513,1.0195255876877793,0.9669619143105167,6929,1242
mixtral,1,1,5,05_vs_1,shared_05_1,True,True,True,0.16158640384674072,0.23842060565948486,0.02191162109375,0.047994652406417114,1.046035129628717,1.000641615941996,7480,359
mixtral,1,1,5,0_vs_05,shared_0_05,True,True,True,0.16158640384674072,0.23842060565948486,0.02191162109375,0.047994652406417114,1.046035129628717,1.000641615941996,7480,359
mixtral,1,1,7,0_vs_05,hc_only,True,False,False,0.16401439905166626,0.2440357357263565,0.0318603515625,0.07301720520352496,1.0442522307478777,0.9579527574480722,7149,522
mixtral,1,2,4,05_vs_1,shared_05_1,False,True,True,0.8866154551506042,0.8587669134140015,0.04376220703125,0.09075949367088608,1.038265232134469,0.9701649327989735,7900,717
mixtral,1,2,4,0_vs_05,hybrid_only_vs_hc,False,True,True,0.8866154551506042,0.8587669134140015,0.04376220703125,0.09075949367088608,1.038265232134469,0.9701649327989735,7900,717
mixtral,1,2,5,05_vs_1,shared_05_1,True,True,True,0.15254145860671997,0.22293904423713684,0.02752685546875,0.057569568547357675,1.0312429111101873,0.93976885384308,7834,451
mixtral,1,2,5,0_vs_05,shared_0_05,True,True,True,0.15254145860671997,0.22293904423713684,0.02752685546875,0.057569568547357675,1.0312429111101873,0.93976885384308,7834,451
mixtral,1,2,7,0_vs_05,hc_only,True,False,False,0.15566731989383698,0.22940006852149963,0.02587890625,0.05511503964643182,1.012818666361684,0.9191770407388795,7693,424
mixtral,1,4,5,05_vs_1,shared_05_1,False,True,True,0.8934389352798462,0.8675070405006409,0.042724609375,0.09095634095634096,1.0291497261261493,0.9794110342434474,7696,700
mixtral,1,4,5,0_vs_05,hybrid_only_vs_hc,False,True,True,0.8934389352798462,0.8675070405006409,0.042724609375,0.09095634095634096,1.0291497261261493,0.9794110342434474,7696,700
mixtral,1,5,7,0_vs_05,hc_only,True,False,False,0.14420974254608154,0.21331273019313812,0.050048828125,0.11588468061051442,1.0040057421134918,0.9614768508730865,7076,820
mixtral,2,0,1,0_vs_05,hc_only,True,False,False,0.24653197824954987,0.19805419445037842,0.02349853515625,0.04882688649334179,0.9871795668810625,0.9250726431995243,7885,385
mixtral,2,0,2,0_vs_05,hc_only,True,False,False,0.25044283270835876,0.20416273176670074,0.02191162109375,0.04546030138027099,1.002980464468187,0.8756375656486554,7897,359
mixtral,2,0,3,0_vs_05,hc_only,True,False,False,0.2600671648979187,0.21357445418834686,0.041015625,0.08933794203669237,0.9897399264363271,0.854143783982311,7522,672
mixtral,2,0,4,0_vs_05,hc_only,True,False,False,0.23135347664356232,0.19077017903327942,0.05096435546875,0.11506132010472647,0.9738204691123252,0.8909636970765576,7257,835
mixtral,2,1,2,05_vs_1,shared_05_1,True,True,True,0.2271539270877838,0.18425220251083374,0.049560546875,0.10278481012658228,0.9530992532078224,0.8941245115008848,7900,812
mixtral,2,1,2,0_vs_05,shared_0_05,True,True,True,0.2271539270877838,0.18425220251083374,0.049560546875,0.10278481012658228,0.9530992532078224,0.8941245115008848,7900,812
mixtral,2,1,3,05_vs_1,shared_05_1,True,True,True,0.2601480185985565,0.21256552636623383,0.04449462890625,0.09203383411185456,0.9818466074793888,0.9073440112858315,7921,729
mixtral,2,1,3,0_vs_05,shared_0_05,True,True,True,0.2601480185985565,0.21256552636623383,0.04449462890625,0.09203383411185456,0.9818466074793888,0.9073440112858315,7921,729
mixtral,2,1,4,05_vs_1,hybrid_only_vs_routing,True,True,False,0.23358702659606934,0.1916384994983673,0.043701171875,0.09141981613891727,0.9831147676103571,0.9261400702945347,7832,716
mixtral,2,1,4,0_vs_05,shared_0_05,True,True,False,0.23358702659606934,0.1916384994983673,0.043701171875,0.09141981613891727,0.9831147676103571,0.9261400702945347,7832,716
mixtral,2,1,5,05_vs_1,shared_05_1,False,True,True,0.29055261611938477,0.24620281159877777,0.0728759765625,0.16781447645818692,0.9902796632038902,0.9219925789976838,7115,1194
mixtral,2,1,5,0_vs_05,hybrid_only_vs_hc,False,True,True,0.29055261611938477,0.24620281159877777,0.0728759765625,0.16781447645818692,0.9902796632038902,0.9219925789976838,7115,1194
mixtral,2,1,6,05_vs_1,routing_only,False,False,True,0.2905590832233429,0.2352466732263565,0.02142333984375,0.04338689740420272,1.006558171898237,0.948213158679484,8090,351
mixtral,2,2,3,05_vs_1,shared_05_1,True,True,True,0.2396399974822998,0.19874587655067444,0.05535888671875,0.1173502393582611,0.9781885617207179,0.8842467494152872,7729,907
mixtral,2,2,3,0_vs_05,shared_0_05,True,True,True,0.2396399974822998,0.19874587655067444,0.05535888671875,0.1173502393582611,0.9781885617207179,0.8842467494152872,7729,907
mixtral,2,2,4,05_vs_1,hybrid_only_vs_routing,True,True,False,0.21574880182743073,0.17966996133327484,0.05255126953125,0.11221165124462401,0.973077479481433,0.8910637126843965,7673,861
mixtral,2,2,4,0_vs_05,shared_0_05,True,True,False,0.21574880182743073,0.17966996133327484,0.05255126953125,0.11221165124462401,0.973077479481433,0.8910637126843965,7673,861
mixtral,2,2,5,05_vs_1,shared_05_1,False,True,True,0.2688421607017517,0.23135212063789368,0.02294921875,0.047480742517994695,1.0187980516011974,0.9557109565493909,7919,376
mixtral,2,2,5,0_vs_05,hybrid_only_vs_hc,False,True,True,0.2688421607017517,0.23135212063789368,0.02294921875,0.047480742517994695,1.0187980516011974,0.9557109565493909,7919,376
mixtral,2,2,6,05_vs_1,routing_only,False,False,True,0.2490418404340744,0.2046295702457428,0.04443359375,0.09455773477074945,1.0100656839636553,0.9456798281970915,7699,728
mixtral,2,3,4,05_vs_1,hybrid_only_vs_routing,True,True,False,0.25634315609931946,0.21508686244487762,0.0303955078125,0.062452972159518436,1.0102852691466688,0.9169100771946121,7974,498
mixtral,2,3,4,0_vs_05,shared_0_05,True,True,False,0.25634315609931946,0.21508686244487762,0.0303955078125,0.062452972159518436,1.0102852691466688,0.9169100771946121,7974,498
mixtral,2,3,5,05_vs_1,shared_05_1,False,True,True,0.2908538281917572,0.25224655866622925,0.014892578125,0.030541995243459758,1.0465999068001033,0.9721738517772957,7989,244
mixtral,2,3,5,0_vs_05,hybrid_only_vs_hc,False,True,True,0.2908538281917572,0.25224655866622925,0.014892578125,0.030541995243459758,1.0465999068001033,0.9721738517772957,7989,244
mixtral,2,3,6,05_vs_1,routing_only,False,False,True,0.26390495896339417,0.21845649182796478,0.05126953125,0.11162790697674418,1.0036750124300833,0.9566522671353249,7525,840
mixtral,2,4,5,05_vs_1,hybrid_only_vs_routing,False,True,False,0.2628428637981415,0.22893746197223663,0.0230712890625,0.04875532052108861,1.0380342282526849,0.9985236158131292,7753,378
mixtral,2,4,5,0_vs_05,hybrid_only_vs_hc,False,True,False,0.2628428637981415,0.22893746197223663,0.0230712890625,0.04875532052108861,1.0380342282526849,0.9985236158131292,7753,378
mixtral,2,5,6,05_vs_1,routing_only,False,False,True,0.2862984240055084,0.24589107930660248,0.05413818359375,0.12428191116715707,1.0250693461934075,0.9530470910846448,7137,887
mixtral,3,0,2,05_vs_1,hybrid_only_vs_routing,True,True,False,0.32270804047584534,0.3138270080089569,0.0362548828125,0.07641837128521806,1.1465863024545855,1.1120805008844896,7773,594
mixtral,3,0,2,0_vs_05,shared_0_05,True,True,False,0.32270804047584534,0.3138270080089569,0.0362548828125,0.07641837128521806,1.1465863024545855,1.1120805008844896,7773,594
mixtral,3,0,3,05_vs_1,hybrid_only_vs_routing,False,True,False,0.33422765135765076,0.339542418718338,0.03863525390625,0.08291852239979042,1.150107070667006,1.078043930715106,7634,633
mixtral,3,0,3,0_vs_05,hybrid_only_vs_hc,False,True,False,0.33422765135765076,0.339542418718338,0.03863525390625,0.08291852239979042,1.150107070667006,1.078043930715106,7634,633
mixtral,3,0,4,05_vs_1,hybrid_only_vs_routing,True,True,False,0.32938826084136963,0.3236044645309448,0.02978515625,0.06441393875395987,1.1443099602978233,1.0842406570178564,7576,488
mixtral,3,0,4,0_vs_05,shared_0_05,True,True,False,0.32938826084136963,0.3236044645309448,0.02978515625,0.06441393875395987,1.1443099602978233,1.0842406570178564,7576,488
mixtral,3,0,5,05_vs_1,hybrid_only_vs_routing,True,True,False,0.32218247652053833,0.31806719303131104,0.0462646484375,0.10631136044880786,1.1321185332695531,1.0815701993442777,7130,758
mixtral,3,0,5,0_vs_05,shared_0_05,True,True,False,0.32218247652053833,0.31806719303131104,0.0462646484375,0.10631136044880786,1.1321185332695531,1.0815701993442777,7130,758
mixtral,3,1,2,05_vs_1,routing_only,False,False,True,0.32786378264427185,0.32606038451194763,0.035400390625,0.07707641196013289,1.156325187302903,1.0994764127608003,7525,580
mixtral,3,1,4,05_vs_1,routing_only,False,False,True,0.33530887961387634,0.3369583189487457,0.01666259765625,0.03625979545756409,1.1600716730594824,1.1059277378595793,7529,273
mixtral,3,1,6,05_vs_1,routing_only,False,False,True,0.35214489698410034,0.33607953786849976,0.05010986328125,0.12191862191862192,1.1310699189279283,1.0895543467257984,6734,821
mixtral,3,1,7,05_vs_1,routing_only,False,False,True,0.35445430874824524,0.33805254101753235,0.0450439453125,0.09580682850837337,1.1283770757697704,1.0840545043066587,7703,738
mixtral,3,2,3,05_vs_1,hybrid_only_vs_routing,False,True,False,0.3596072793006897,0.36295896768569946,0.03363037109375,0.06848974518334369,1.1676230160918868,1.0968406886240964,8045,551
mixtral,3,2,3,0_vs_05,hybrid_only_vs_hc,False,True,False,0.3596072793006897,0.36295896768569946,0.03363037109375,0.06848974518334369,1.1676230160918868,1.0968406886240964,8045,551
mixtral,3,2,4,05_vs_1,shared_05_1,True,True,True,0.317855566740036,0.3103174865245819,0.04425048828125,0.09454877412623891,1.1454055310539362,1.0950496527244304,7668,725
mixtral,3,2,4,0_vs_05,shared_0_05,True,True,True,0.317855566740036,0.3103174865245819,0.04425048828125,0.09454877412623891,1.1454055310539362,1.0950496527244304,7668,725
mixtral,3,2,5,05_vs_1,hybrid_only_vs_routing,True,True,False,0.3193272650241852,0.31326350569725037,0.02862548828125,0.060531750129065566,1.1460264262060067,1.101645767180396,7748,469
mixtral,3,2,5,0_vs_05,shared_0_05,True,True,False,0.3193272650241852,0.31326350569725037,0.02862548828125,0.060531750129065566,1.1460264262060067,1.101645767180396,7748,469
mixtral,3,2,6,05_vs_1,routing_only,False,False,True,0.34063002467155457,0.3162800371646881,0.02935791015625,0.06275277234181344,1.1417891903632775,1.0944598022221033,7665,481
mixtral,3,2,7,05_vs_1,routing_only,False,False,True,0.32546624541282654,0.30199941992759705,0.057861328125,0.11726867887184562,1.112741269786897,1.0725553878248995,8084,948
mixtral,3,3,4,05_vs_1,hybrid_only_vs_routing,False,True,False,0.3523479998111725,0.3594142198562622,0.05517578125,0.12234402490188118,1.1593887289348999,1.0893481704117978,7389,904
mixtral,3,3,4,0_vs_05,hybrid_only_vs_hc,False,True,False,0.3523479998111725,0.3594142198562622,0.05517578125,0.12234402490188118,1.1593887289348999,1.0893481704117978,7389,904
mixtral,3,3,5,05_vs_1,hybrid_only_vs_routing,False,True,False,0.3366681933403015,0.34515735507011414,0.058349609375,0.13350090769445608,1.1443823217896172,1.1022262421113178,7161,956
mixtral,3,3,5,0_vs_05,hybrid_only_vs_hc,False,True,False,0.3366681933403015,0.34515735507011414,0.058349609375,0.13350090769445608,1.1443823217896172,1.1022262421113178,7161,956
mixtral,3,4,5,05_vs_1,hybrid_only_vs_routing,True,True,False,0.3129303753376007,0.31016039848327637,0.0302734375,0.0668643839309787,1.1383431157708392,1.101656193935102,7418,496
mixtral,3,4,5,0_vs_05,shared_0_05,True,True,False,0.3129303753376007,0.31016039848327637,0.0302734375,0.0668643839309787,1.1383431157708392,1.101656193935102,7418,496
mixtral,3,4,6,05_vs_1,routing_only,False,False,True,0.339119017124176,0.3179550766944885,0.03656005859375,0.08268912203202651,1.1380955426486272,1.1004917189752519,7244,599
mixtral,3,4,7,05_vs_1,routing_only,False,False,True,0.3366674780845642,0.3154447078704834,0.0341796875,0.06855184233076264,1.1244297882147323,1.0834638253918716,8169,560
mixtral,3,6,7,05_vs_1,routing_only,True,False,True,0.31686943769454956,0.28292515873908997,0.0531005859375,0.11429322122963742,1.107587781255645,1.081711303571175,7612,870
mixtral,3,6,7,0_vs_05,hc_only,True,False,True,0.31686943769454956,0.28292515873908997,0.0531005859375,0.11429322122963742,1.107587781255645,1.081711303571175,7612,870
mixtral,4,0,1,05_vs_1,routing_only,False,False,True,0.5044745802879333,0.32970109581947327,0.04339599609375,0.09617205464628703,1.1358236330667788,1.086175807753025,7393,711
mixtral,4,0,2,0_vs_05,hc_only,True,False,False,0.45597413182258606,0.2834889590740204,0.0323486328125,0.07101701728527401,1.1239108080904205,1.0436253302502183,7463,530
mixtral,4,0,3,05_vs_1,routing_only,False,False,True,0.5043553709983826,0.3263597786426544,0.0369873046875,0.08327607530575787,1.1471671670187924,1.0802210411026139,7277,606
mixtral,4,0,5,05_vs_1,routing_only,False,False,True,0.5046664476394653,0.3203367292881012,0.0145263671875,0.029661016949152543,1.1454779110544344,1.0793816940624172,8024,238
mixtral,4,0,6,05_vs_1,routing_only,True,False,True,0.4689210057258606,0.2949869930744171,0.0423583984375,0.09329210915445624,1.1213589250472529,1.0681405493436698,7439,694
mixtral,4,0,6,0_vs_05,hc_only,True,False,True,0.4689210057258606,0.2949869930744171,0.0423583984375,0.09329210915445624,1.1213589250472529,1.0681405493436698,7439,694
mixtral,4,1,3,05_vs_1,shared_05_1,True,True,True,0.4672270715236664,0.3201100528240204,0.0321044921875,0.06858782109792672,1.15960803139488,1.1096627282779026,7669,526
mixtral,4,1,3,0_vs_05,shared_0_05,True,True,True,0.4672270715236664,0.3201100528240204,0.0321044921875,0.06858782109792672,1.15960803139488,1.1096627282779026,7669,526
mixtral,4,1,5,05_vs_1,shared_05_1,False,True,True,0.4740016758441925,0.3182050585746765,0.08319091796875,0.18901677991956733,1.148817148606699,1.0867899765621978,7211,1363
mixtral,4,1,5,0_vs_05,hybrid_only_vs_hc,False,True,True,0.4740016758441925,0.3182050585746765,0.08319091796875,0.18901677991956733,1.148817148606699,1.0867899765621978,7211,1363
mixtral,4,1,6,05_vs_1,shared_05_1,False,True,True,0.48381033539772034,0.3217211663722992,0.03460693359375,0.07197258187357197,1.1531380195549885,1.0579791783866008,7878,567
mixtral,4,1,6,0_vs_05,hybrid_only_vs_hc,False,True,True,0.48381033539772034,0.3217211663722992,0.03460693359375,0.07197258187357197,1.1531380195549885,1.0579791783866008,7878,567
mixtral,4,1,7,05_vs_1,hybrid_only_vs_routing,True,True,False,0.4512080252170563,0.3132467269897461,0.02154541015625,0.043634116192830655,1.1683103653350189,1.142685737386979,8090,353
mixtral,4,1,7,0_vs_05,shared_0_05,True,True,False,0.4512080252170563,0.3132467269897461,0.02154541015625,0.043634116192830655,1.1683103653350189,1.142685737386979,8090,353
mixtral,4,2,6,0_vs_05,hc_only,True,False,False,0.45312708616256714,0.2863979637622833,0.02484130859375,0.05134350952441025,1.1332434385590104,1.0625127442638762,7927,407
mixtral,4,3,5,05_vs_1,shared_05_1,False,True,True,0.4738568067550659,0.31487366557121277,0.02569580078125,0.05307614725163893,1.1635771591255777,1.0898983920271776,7932,421
mixtral,4,3,5,0_vs_05,hybrid_only_vs_hc,False,True,True,0.4738568067550659,0.31487366557121277,0.02569580078125,0.05307614725163893,1.1635771591255777,1.0898983920271776,7932,421
mixtral,4,3,6,05_vs_1,shared_05_1,False,True,True,0.4595465064048767,0.3025085926055908,0.03863525390625,0.08338822289553419,1.1415623747898866,1.0516232087337198,7591,633
mixtral,4,3,6,0_vs_05,hybrid_only_vs_hc,False,True,True,0.4595465064048767,0.3025085926055908,0.03863525390625,0.08338822289553419,1.1415623747898866,1.0516232087337198,7591,633
mixtral,4,3,7,05_vs_1,hybrid_only_vs_routing,True,True,False,0.45396631956100464,0.3118492066860199,0.04962158203125,0.10973140774733432,1.1587653137569502,1.126304544206035,7409,813
mixtral,4,3,7,0_vs_05,shared_0_05,True,True,False,0.45396631956100464,0.3118492066860199,0.04962158203125,0.10973140774733432,1.1587653137569502,1.126304544206035,7409,813
mixtral,4,5,6,05_vs_1,shared_05_1,False,True,True,0.47101056575775146,0.3040451407432556,0.0396728515625,0.08173016471771659,1.1423937019186021,1.0690318037913396,7953,650
mixtral,4,5,6,0_vs_05,hybrid_only_vs_hc,False,True,True,0.47101056575775146,0.3040451407432556,0.0396728515625,0.08173016471771659,1.1423937019186021,1.0690318037913396,7953,650
mixtral,4,5,7,05_vs_1,hybrid_only_vs_routing,False,True,False,0.48963069915771484,0.3295508027076721,0.02679443359375,0.05378583680470473,1.1805013732797986,1.1264808973581752,8162,439
mixtral,4,5,7,0_vs_05,hybrid_only_vs_hc,False,True,False,0.48963069915771484,0.3295508027076721,0.02679443359375,0.05378583680470473,1.1805013732797986,1.1264808973581752,8162,439
mixtral,4,6,7,05_vs_1,hybrid_only_vs_routing,False,True,False,0.4614415466785431,0.30763593316078186,0.0391845703125,0.08199233716475096,1.145698427027365,1.1219658556385574,7830,642
mixtral,4,6,7,0_vs_05,hybrid_only_vs_hc,False,True,False,0.4614415466785431,0.30763593316078186,0.0391845703125,0.08199233716475096,1.145698427027365,1.1219658556385574,7830,642
mixtral,5,0,1,05_vs_1,shared_05_1,False,True,True,0.6067358255386353,0.29052644968032837,0.028076171875,0.06168700549818962,1.1319444734896413,1.0781095228765323,7457,460
mixtral,5,0,1,0_vs_05,hybrid_only_vs_hc,False,True,True,0.6067358255386353,0.29052644968032837,0.028076171875,0.06168700549818962,1.1319444734896413,1.0781095228765323,7457,460
mixtral,5,0,4,05_vs_1,shared_05_1,True,True,True,0.5804887413978577,0.28904443979263306,0.05841064453125,0.14451827242524917,1.1523975509417737,1.0894580751875476,6622,957
mixtral,5,0,4,0_vs_05,shared_0_05,True,True,True,0.5804887413978577,0.28904443979263306,0.05841064453125,0.14451827242524917,1.1523975509417737,1.0894580751875476,6622,957
mixtral,5,0,6,05_vs_1,shared_05_1,True,True,True,0.5775145292282104,0.2826397716999054,0.03118896484375,0.07155860523736171,1.1335484486403478,1.0750797140155053,7141,511
mixtral,5,0,6,0_vs_05,shared_0_05,True,True,True,0.5775145292282104,0.2826397716999054,0.03118896484375,0.07155860523736171,1.1335484486403478,1.0750797140155053,7141,511
mixtral,5,0,7,05_vs_1,shared_05_1,False,True,True,0.611041247844696,0.2942293584346771,0.031005859375,0.07223091141760273,1.131538342568506,1.0568291165931958,7033,508
mixtral,5,0,7,0_vs_05,hybrid_only_vs_hc,False,True,True,0.611041247844696,0.2942293584346771,0.031005859375,0.07223091141760273,1.131538342568506,1.0568291165931958,7033,508
mixtral,5,1,4,05_vs_1,shared_05_1,False,True,True,0.6012136340141296,0.28632283210754395,0.06005859375,0.12819176654507555,1.1280907873935908,1.0914672184281233,7676,984
mixtral,5,1,4,0_vs_05,hybrid_only_vs_hc,False,True,True,0.6012136340141296,0.28632283210754395,0.06005859375,0.12819176654507555,1.1280907873935908,1.0914672184281233,7676,984
mixtral,5,1,5,0_vs_05,hc_only,True,False,False,0.6074990630149841,0.2805909216403961,0.04620361328125,0.09738839572880484,1.1349606829905439,1.0876327168831266,7773,757
mixtral,5,1,6,05_vs_1,shared_05_1,False,True,True,0.609657347202301,0.28558579087257385,0.041259765625,0.08390219684746184,1.135450932499314,1.0701810631173603,8057,676
mixtral,5,1,6,0_vs_05,hybrid_only_vs_hc,False,True,True,0.609657347202301,0.28558579087257385,0.041259765625,0.08390219684746184,1.135450932499314,1.0701810631173603,8057,676
mixtral,5,1,7,05_vs_1,shared_05_1,True,True,True,0.5803037881851196,0.2676401138305664,0.0439453125,0.09111617312072894,1.123070997577533,1.089241106642617,7902,720
mixtral,5,1,7,0_vs_05,shared_0_05,True,True,True,0.5803037881851196,0.2676401138305664,0.0439453125,0.09111617312072894,1.123070997577533,1.089241106642617,7902,720
mixtral,5,4,6,05_vs_1,shared_05_1,True,True,True,0.6076529026031494,0.295743465423584,0.0313720703125,0.06522014972719198,1.148797412645301,1.0930049192116882,7881,514
mixtral,5,4,6,0_vs_05,shared_0_05,True,True,True,0.6076529026031494,0.295743465423584,0.0313720703125,0.06522014972719198,1.148797412645301,1.0930049192116882,7881,514
mixtral,5,4,7,05_vs_1,shared_05_1,False,True,True,0.5972168445587158,0.2860061824321747,0.021484375,0.044377206253151794,1.1434190257654848,1.0910479194399985,7932,352
mixtral,5,4,7,0_vs_05,hybrid_only_vs_hc,False,True,True,0.5972168445587158,0.2860061824321747,0.021484375,0.044377206253151794,1.1434190257654848,1.0910479194399985,7932,352
mixtral,5,5,7,0_vs_05,hc_only,True,False,False,0.5868902206420898,0.27253860235214233,0.03521728515625,0.07615151115217104,1.134614830928348,1.148642610842475,7577,577
mixtral,5,6,7,05_vs_1,shared_05_1,False,True,True,0.6151024699211121,0.28971749544143677,0.03448486328125,0.07251026694045175,1.1422842400764293,1.0684907646305792,7792,565
mixtral,5,6,7,0_vs_05,hybrid_only_vs_hc,False,True,True,0.6151024699211121,0.28971749544143677,0.03448486328125,0.07251026694045175,1.1422842400764293,1.0684907646305792,7792,565
mixtral,6,0,1,05_vs_1,shared_05_1,True,True,True,0.7534183859825134,0.4029064476490021,0.02685546875,0.05282747028454796,1.151858550644333,1.1456510415131396,8329,440
mixtral,6,0,1,0_vs_05,shared_0_05,True,True,True,0.7534183859825134,0.4029064476490021,0.02685546875,0.05282747028454796,1.151858550644333,1.1456510415131396,8329,440
mixtral,6,0,2,05_vs_1,shared_05_1,True,True,True,0.7381607890129089,0.38604795932769775,0.04010009765625,0.08199176338450019,1.133516406620187,1.1136952518872474,8013,657
mixtral,6,0,2,0_vs_05,shared_0_05,True,True,True,0.7381607890129089,0.38604795932769775,0.04010009765625,0.08199176338450019,1.133516406620187,1.1136952518872474,8013,657
mixtral,6,0,3,05_vs_1,shared_05_1,False,True,True,0.8286559581756592,0.4060523808002472,0.0684814453125,0.14184576485461442,1.1174235694779155,1.0523927060890537,7910,1122
mixtral,6,0,3,0_vs_05,hybrid_only_vs_hc,False,True,True,0.8286559581756592,0.4060523808002472,0.0684814453125,0.14184576485461442,1.1174235694779155,1.0523927060890537,7910,1122
mixtral,6,0,4,05_vs_1,hybrid_only_vs_routing,True,True,False,0.7636105418205261,0.40623703598976135,0.03253173828125,0.0674512781574285,1.1559410558655665,1.1269087778023439,7902,533
mixtral,6,0,4,0_vs_05,shared_0_05,True,True,False,0.7636105418205261,0.40623703598976135,0.03253173828125,0.0674512781574285,1.1559410558655665,1.1269087778023439,7902,533
mixtral,6,0,7,05_vs_1,routing_only,False,False,True,0.7755386829376221,0.42296040058135986,0.03668212890625,0.07468621846650926,1.1469330079543363,1.1125956797560121,8047,601
mixtral,6,1,2,05_vs_1,shared_05_1,True,True,True,0.7493064403533936,0.390560507774353,0.02581787109375,0.05347661188369153,1.1503700632512495,1.1164931413975168,7910,423
mixtral,6,1,2,0_vs_05,shared_0_05,True,True,True,0.7493064403533936,0.390560507774353,0.02581787109375,0.05347661188369153,1.1503700632512495,1.1164931413975168,7910,423
mixtral,6,1,3,05_vs_1,shared_05_1,False,True,True,0.847420871257782,0.4139401614665985,0.0458984375,0.09467455621301775,1.1325676226576884,1.0693887063163392,7943,752
mixtral,6,1,3,0_vs_05,hybrid_only_vs_hc,False,True,True,0.847420871257782,0.4139401614665985,0.0458984375,0.09467455621301775,1.1325676226576884,1.0693887063163392,7943,752
mixtral,6,1,4,05_vs_1,hybrid_only_vs_routing,True,True,False,0.7002814412117004,0.3712732493877411,0.04815673828125,0.10794910384457518,1.1524306078227247,1.1054473737648987,7309,789
mixtral,6,1,4,0_vs_05,shared_0_05,True,True,False,0.7002814412117004,0.3712732493877411,0.04815673828125,0.10794910384457518,1.1524306078227247,1.1054473737648987,7309,789
mixtral,6,1,7,05_vs_1,routing_only,False,False,True,0.7849600911140442,0.4265991449356079,0.03729248046875,0.07935064935064935,1.1533377952080268,1.1113276144096387,7700,611
mixtral,6,2,3,05_vs_1,shared_05_1,False,True,True,0.8229974508285522,0.39390236139297485,0.04248046875,0.08810126582278481,1.125900709417802,1.0750278569329743,7900,696
mixtral,6,2,3,0_vs_05,hybrid_only_vs_hc,False,True,True,0.8229974508285522,0.39390236139297485,0.04248046875,0.08810126582278481,1.125900709417802,1.0750278569329743,7900,696
mixtral,6,2,4,05_vs_1,hybrid_only_vs_routing,True,True,False,0.704808235168457,0.36550769209861755,0.04638671875,0.10498687664041995,1.1429206106705236,1.093303676733845,7239,760
mixtral,6,2,4,0_vs_05,shared_0_05,True,True,False,0.704808235168457,0.36550769209861755,0.04638671875,0.10498687664041995,1.1429206106705236,1.093303676733845,7239,760
mixtral,6,2,7,05_vs_1,routing_only,False,False,True,0.7936687469482422,0.4216754734516144,0.05023193359375,0.11138178373257546,1.1369035937399226,1.1050257911658954,7389,823
mixtral,6,3,4,05_vs_1,hybrid_only_vs_routing,False,True,False,0.8535556793212891,0.4149588942527771,0.04034423828125,0.08584415584415585,1.1399340141593637,1.0868872748561056,7700,661
mixtral,6,3,4,0_vs_05,hybrid_only_vs_hc,False,True,False,0.8535556793212891,0.4149588942527771,0.04034423828125,0.08584415584415585,1.1399340141593637,1.0868872748561056,7700,661
mixtral,6,3,7,05_vs_1,routing_only,False,False,True,0.9881049990653992,0.491388201713562,0.03497314453125,0.07161604799400074,1.1445853246806368,1.1089221187078933,8001,573
mixtral,6,5,6,0_vs_05,hc_only,True,False,False,0.7435110807418823,0.4597530663013458,0.05450439453125,0.1366906474820144,1.1683865869353636,1.1427757198038988,6533,893
mixtral,7,0,2,0_vs_05,hc_only,True,False,False,0.884079098701477,0.46701982617378235,0.0426025390625,0.09713331477873643,1.1535469913031442,1.113885819399596,7186,698
mixtral,7,1,3,05_vs_1,hybrid_only_vs_routing,False,True,False,0.9321058392524719,0.45301535725593567,0.03704833984375,0.07252090800477898,1.1525771242458476,1.1190570773559898,8370,607
mixtral,7,1,3,0_vs_05,hybrid_only_vs_hc,False,True,False,0.9321058392524719,0.45301535725593567,0.03704833984375,0.07252090800477898,1.1525771242458476,1.1190570773559898,8370,607
mixtral,7,1,4,05_vs_1,shared_05_1,True,True,True,0.874453067779541,0.4175933003425598,0.05218505859375,0.10631683660780901,1.1374019503267332,1.1095217129640411,8042,855
mixtral,7,1,4,0_vs_05,shared_0_05,True,True,True,0.874453067779541,0.4175933003425598,0.05218505859375,0.10631683660780901,1.1374019503267332,1.1095217129640411,8042,855
mixtral,7,1,5,05_vs_1,shared_05_1,False,True,True,0.9356785416603088,0.47284451127052307,0.05126953125,0.11587805214512346,1.1489869477025623,1.107820173956099,7249,840
mixtral,7,1,5,0_vs_05,hybrid_only_vs_hc,False,True,True,0.9356785416603088,0.47284451127052307,0.05126953125,0.11587805214512346,1.1489869477025623,1.107820173956099,7249,840
mixtral,7,1,6,05_vs_1,routing_only,False,False,True,1.0748119354248047,0.569666862487793,0.036376953125,0.07189384800965018,1.1554387160463413,1.116140814435562,8290,596
mixtral,7,1,7,05_vs_1,shared_05_1,False,True,True,0.9253787398338318,0.4540257155895233,0.03546142578125,0.07360020268558398,1.1434117513636803,1.1184756382402168,7894,581
mixtral,7,1,7,0_vs_05,hybrid_only_vs_hc,False,True,True,0.9253787398338318,0.4540257155895233,0.03546142578125,0.07360020268558398,1.1434117513636803,1.1184756382402168,7894,581
mixtral,7,3,4,05_vs_1,hybrid_only_vs_routing,False,True,False,0.8914052248001099,0.42747679352760315,0.05657958984375,0.11996894008023813,1.1493441420167942,1.114220854148124,7727,927
mixtral,7,3,4,0_vs_05,hybrid_only_vs_hc,False,True,False,0.8914052248001099,0.42747679352760315,0.05657958984375,0.11996894008023813,1.1493441420167942,1.114220854148124,7727,927
mixtral,7,3,5,05_vs_1,hybrid_only_vs_routing,True,True,False,0.9401419162750244,0.4772123396396637,0.01904296875,0.04141226440138041,1.165907622586203,1.1599722351783361,7534,312
mixtral,7,3,5,0_vs_05,shared_0_05,True,True,False,0.9401419162750244,0.4772123396396637,0.01904296875,0.04141226440138041,1.165907622586203,1.1599722351783361,7534,312
mixtral,7,3,7,05_vs_1,hybrid_only_vs_routing,True,True,False,0.9062923789024353,0.4465803802013397,0.03851318359375,0.08301539271148534,1.156480191209068,1.1230317724487862,7601,631
mixtral,7,3,7,0_vs_05,shared_0_05,True,True,False,0.9062923789024353,0.4465803802013397,0.03851318359375,0.08301539271148534,1.156480191209068,1.1230317724487862,7601,631
mixtral,7,4,5,05_vs_1,shared_05_1,False,True,True,0.9535331130027771,0.4752122163772583,0.018310546875,0.04018215912135012,1.164691295056633,1.118889681895574,7466,300
mixtral,7,4,5,0_vs_05,hybrid_only_vs_hc,False,True,True,0.9535331130027771,0.4752122163772583,0.018310546875,0.04018215912135012,1.164691295056633,1.118889681895574,7466,300
mixtral,7,4,6,05_vs_1,routing_only,False,False,True,1.1240156888961792,0.5871219635009766,0.02813720703125,0.056899530980004935,1.1661559806226713,1.1427457490350057,8102,461
mixtral,7,4,7,05_vs_1,shared_05_1,False,True,True,0.9142425656318665,0.44254469871520996,0.03778076171875,0.0821717775122793,1.1459880886080414,1.114185050442839,7533,619
mixtral,7,4,7,0_vs_05,hybrid_only_vs_hc,False,True,True,0.9142425656318665,0.44254469871520996,0.03778076171875,0.0821717775122793,1.1459880886080414,1.114185050442839,7533,619
mixtral,7,5,6,05_vs_1,routing_only,False,False,True,0.9774439930915833,0.5432510375976562,0.04608154296875,0.10785714285714286,1.1612714105333601,1.137647018527353,7000,755
mixtral,7,5,7,05_vs_1,shared_05_1,True,True,True,0.8920686841011047,0.45731279253959656,0.0338134765625,0.08159057437407953,1.1528256038502847,1.1183507041165115,6790,554
mixtral,7,5,7,0_vs_05,shared_0_05,True,True,True,0.8920686841011047,0.45731279253959656,0.0338134765625,0.08159057437407953,1.1528256038502847,1.1183507041165115,6790,554
mixtral,7,6,7,05_vs_1,routing_only,False,False,True,0.9991897344589233,0.5376082062721252,0.033935546875,0.07330257086354647,1.1527645324827733,1.1223742756054556,7585,556
mixtral,8,0,1,05_vs_1,hybrid_only_vs_routing,False,True,False,1.0774974822998047,0.6914513111114502,0.0361328125,0.07501267105930055,1.1358037799732732,1.1067776730334438,7892,592
mixtral,8,0,1,0_vs_05,hybrid_only_vs_hc,False,True,False,1.0774974822998047,0.6914513111114502,0.0361328125,0.07501267105930055,1.1358037799732732,1.1067776730334438,7892,592
mixtral,8,0,2,05_vs_1,routing_only,False,False,True,1.1623444557189941,0.7905412316322327,0.01959228515625,0.042076287848997244,1.1415789213291798,1.1069852756191265,7629,321
mixtral,8,0,3,05_vs_1,hybrid_only_vs_routing,True,True,False,1.0279901027679443,0.6522565484046936,0.039794921875,0.07782286941990929,1.1281183196810214,1.106741052372324,8378,652
mixtral,8,0,3,0_vs_05,shared_0_05,True,True,False,1.0279901027679443,0.6522565484046936,0.039794921875,0.07782286941990929,1.1281183196810214,1.106741052372324,8378,652
mixtral,8,0,4,05_vs_1,shared_05_1,True,True,True,1.008002519607544,0.6752592921257019,0.02801513671875,0.06164383561643835,1.1365999185427396,1.0738612748439016,7446,459
mixtral,8,0,4,0_vs_05,shared_0_05,True,True,True,1.008002519607544,0.6752592921257019,0.02801513671875,0.06164383561643835,1.1365999185427396,1.0738612748439016,7446,459
mixtral,8,0,5,05_vs_1,routing_only,False,False,True,1.2246239185333252,0.8040282130241394,0.06988525390625,0.14626980071538068,1.1245991368651937,1.0930775043745748,7828,1145
mixtral,8,0,6,05_vs_1,shared_05_1,True,True,True,0.9721459150314331,0.6525174975395203,0.03460693359375,0.07695439739413681,1.1237680565133028,1.1051958298977511,7368,567
mixtral,8,0,6,0_vs_05,shared_0_05,True,True,True,0.9721459150314331,0.6525174975395203,0.03460693359375,0.07695439739413681,1.1237680565133028,1.1051958298977511,7368,567
mixtral,8,0,7,0_vs_05,hc_only,True,False,False,1.1176772117614746,0.6976962685585022,0.03594970703125,0.0750127356087621,1.1616836043565297,1.1264953800494482,7852,589
mixtral,8,1,3,05_vs_1,hybrid_only_vs_routing,False,True,False,1.0646604299545288,0.652750551700592,0.05316162109375,0.1089703490554235,1.1270014141134785,1.0975207234085906,7993,871
mixtral,8,1,3,0_vs_05,hybrid_only_vs_hc,False,True,False,1.0646604299545288,0.652750551700592,0.05316162109375,0.1089703490554235,1.1270014141134785,1.0975207234085906,7993,871
mixtral,8,1,4,05_vs_1,hybrid_only_vs_routing,False,True,False,1.1298980712890625,0.7300266623497009,0.0262451171875,0.058831577507182924,1.1464311401663636,1.118886101523111,7309,430
mixtral,8,1,4,0_vs_05,hybrid_only_vs_hc,False,True,False,1.1298980712890625,0.7300266623497009,0.0262451171875,0.058831577507182924,1.1464311401663636,1.118886101523111,7309,430
mixtral,8,1,6,05_vs_1,hybrid_only_vs_routing,False,True,False,1.0437260866165161,0.6756277084350586,0.035888671875,0.0818827461356357,1.122888594280626,1.1066729703119822,7181,588
mixtral,8,1,6,0_vs_05,hybrid_only_vs_hc,False,True,False,1.0437260866165161,0.6756277084350586,0.035888671875,0.0818827461356357,1.122888594280626,1.1066729703119822,7181,588
mixtral,8,2,4,05_vs_1,routing_only,False,False,True,1.121114730834961,0.7680177092552185,0.0257568359375,0.062214359427981716,1.1451068522742798,1.1123632623403559,6783,422
mixtral,8,2,5,05_vs_1,routing_only,False,False,True,1.1390019655227661,0.7643805742263794,0.06060791015625,0.1364010989010989,1.1268065730294028,1.1029305548106076,7280,993
mixtral,8,2,6,05_vs_1,routing_only,False,False,True,1.0777040719985962,0.7397615909576416,0.021728515625,0.051751708097107135,1.1356143000375776,1.0971851543094335,6879,356
mixtral,8,3,4,05_vs_1,hybrid_only_vs_routing,True,True,False,1.063738226890564,0.6794930100440979,0.04559326171875,0.09909790395330326,1.1354019104817654,1.0866072592007587,7538,747
mixtral,8,3,4,0_vs_05,shared_0_05,True,True,False,1.063738226890564,0.6794930100440979,0.04559326171875,0.09909790395330326,1.1354019104817654,1.0866072592007587,7538,747
mixtral,8,3,6,05_vs_1,hybrid_only_vs_routing,True,True,False,1.0566399097442627,0.6762222051620483,0.04144287109375,0.08892090099528549,1.1273440010826148,1.1003278865203239,7636,679
mixtral,8,3,6,0_vs_05,shared_0_05,True,True,False,1.0566399097442627,0.6762222051620483,0.04144287109375,0.08892090099528549,1.1273440010826148,1.1003278865203239,7636,679
mixtral,8,3,7,0_vs_05,hc_only,True,False,False,1.070002555847168,0.6389302015304565,0.04595947265625,0.09333168071393158,1.1545396546178013,1.1074343425819124,8068,753
mixtral,8,4,5,05_vs_1,routing_only,False,False,True,1.2832053899765015,0.8483739495277405,0.0247802734375,0.05190488366146766,1.139469637342866,1.1207716413613023,7822,406
mixtral,8,4,6,05_vs_1,shared_05_1,True,True,True,0.966164231300354,0.6531336307525635,0.03369140625,0.08315757758360952,1.1203136724964542,1.0890935701520548,6638,552
mixtral,8,4,6,0_vs_05,shared_0_05,True,True,True,0.966164231300354,0.6531336307525635,0.03369140625,0.08315757758360952,1.1203136724964542,1.0890935701520548,6638,552
mixtral,8,4,7,0_vs_05,hc_only,True,False,False,1.1779392957687378,0.7401951551437378,0.034423828125,0.07908020190689849,1.1600685349623272,1.1291215077359626,7132,564
mixtral,8,5,6,05_vs_1,routing_only,False,False,True,1.1654369831085205,0.7720057964324951,0.0355224609375,0.07582073996873372,1.1200952773419688,1.0947959459934038,7676,582
mixtral,8,6,7,0_vs_05,hc_only,True,False,False,1.1970678567886353,0.7536002993583679,0.0174560546875,0.03844086021505377,1.1663200380981609,1.1039053753956214,7440,286
mixtral,9,0,1,05_vs_1,hybrid_only_vs_routing,False,True,False,1.2276197671890259,0.5970723032951355,0.02679443359375,0.05612375351572488,1.1698233512501923,1.135752412615713,7822,439
mixtral,9,0,1,0_vs_05,hybrid_only_vs_hc,False,True,False,1.2276197671890259,0.5970723032951355,0.02679443359375,0.05612375351572488,1.1698233512501923,1.135752412615713,7822,439
mixtral,9,0,2,05_vs_1,shared_05_1,False,True,True,1.323610782623291,0.6247190833091736,0.03460693359375,0.06900328587075576,1.1650535650347305,1.1266145261507186,8217,567
mixtral,9,0,2,0_vs_05,hybrid_only_vs_hc,False,True,True,1.323610782623291,0.6247190833091736,0.03460693359375,0.06900328587075576,1.1650535650347305,1.1266145261507186,8217,567
mixtral,9,0,3,05_vs_1,routing_only,True,False,True,1.1664522886276245,0.585637629032135,0.05206298828125,0.10789273969137364,1.161766685777274,1.135960787290146,7906,853
mixtral,9,0,3,0_vs_05,hc_only,True,False,True,1.1664522886276245,0.585637629032135,0.05206298828125,0.10789273969137364,1.161766685777274,1.135960787290146,7906,853
mixtral,9,0,5,05_vs_1,shared_05_1,True,True,True,1.0311534404754639,0.5199239253997803,0.072509765625,0.14551690347868693,1.1210303458438557,1.1036894621471764,8164,1188
mixtral,9,0,5,0_vs_05,shared_0_05,True,True,True,1.0311534404754639,0.5199239253997803,0.072509765625,0.14551690347868693,1.1210303458438557,1.1036894621471764,8164,1188
mixtral,9,0,6,05_vs_1,routing_only,False,False,True,1.3509453535079956,0.7141729593276978,0.03143310546875,0.06413449564134496,1.1742945372984093,1.1197203552838668,8030,515
mixtral,9,0,7,05_vs_1,hybrid_only_vs_routing,False,True,False,1.1799900531768799,0.5901774764060974,0.03057861328125,0.06187476843275287,1.178357668359942,1.1435683951406421,8097,501
mixtral,9,0,7,0_vs_05,hybrid_only_vs_hc,False,True,False,1.1799900531768799,0.5901774764060974,0.03057861328125,0.06187476843275287,1.178357668359942,1.1435683951406421,8097,501
mixtral,9,1,2,05_vs_1,hybrid_only_vs_routing,True,True,False,1.1537448167800903,0.5356317758560181,0.053466796875,0.12246609814064029,1.1608045912115588,1.1219790639126137,7153,876
mixtral,9,1,2,0_vs_05,shared_0_05,True,True,False,1.1537448167800903,0.5356317758560181,0.053466796875,0.12246609814064029,1.1608045912115588,1.1219790639126137,7153,876
mixtral,9,1,5,05_vs_1,hybrid_only_vs_routing,False,True,False,1.1901919841766357,0.5896311402320862,0.026123046875,0.052393193781368586,1.1609942837464269,1.131051307944494,8169,428
mixtral,9,1,5,0_vs_05,hybrid_only_vs_hc,False,True,False,1.1901919841766357,0.5896311402320862,0.026123046875,0.052393193781368586,1.1609942837464269,1.131051307944494,8169,428
mixtral,9,1,7,05_vs_1,hybrid_only_vs_routing,False,True,False,1.111391544342041,0.5462347269058228,0.063720703125,0.15355199294013824,1.184626758405436,1.15192866981943,6799,1044
mixtral,9,1,7,0_vs_05,hybrid_only_vs_hc,False,True,False,1.111391544342041,0.5462347269058228,0.063720703125,0.15355199294013824,1.184626758405436,1.15192866981943,6799,1044
mixtral,9,2,3,05_vs_1,routing_only,False,False,True,1.163966178894043,0.5570048093795776,0.07427978515625,0.16648426812585498,1.1617901571145952,1.1359215654500117,7310,1217
mixtral,9,2,5,05_vs_1,shared_05_1,False,True,True,1.1833131313323975,0.5685722827911377,0.0347900390625,0.06666666666666667,1.1427583531608358,1.1146623735887962,8550,570
mixtral,9,2,5,0_vs_05,hybrid_only_vs_hc,False,True,True,1.1833131313323975,0.5685722827911377,0.0347900390625,0.06666666666666667,1.1427583531608358,1.1146623735887962,8550,570
mixtral,9,2,6,05_vs_1,routing_only,False,False,True,1.4907244443893433,0.7492789626121521,0.02691650390625,0.056021341463414635,1.1848269524128456,1.1551219738529923,7872,441
mixtral,9,2,7,05_vs_1,hybrid_only_vs_routing,False,True,False,1.2289581298828125,0.5859701633453369,0.02301025390625,0.047189886093378396,1.192957389756099,1.165792065684928,7989,377
mixtral,9,2,7,0_vs_05,hybrid_only_vs_hc,False,True,False,1.2289581298828125,0.5859701633453369,0.02301025390625,0.047189886093378396,1.192957389756099,1.165792065684928,7989,377
mixtral,9,3,5,05_vs_1,routing_only,True,False,True,1.1123557090759277,0.5692024230957031,0.0283203125,0.05375970339473989,1.1545726496352062,1.1103627653471355,8631,464
mixtral,9,3,5,0_vs_05,hc_only,True,False,True,1.1123557090759277,0.5692024230957031,0.0283203125,0.05375970339473989,1.1545726496352062,1.1103627653471355,8631,464
mixtral,9,3,6,05_vs_1,routing_only,False,False,True,1.3343724012374878,0.7164106965065002,0.0264892578125,0.05525846702317291,1.1860708844306544,1.1455642590599675,7854,434
mixtral,9,4,7,0_vs_05,hc_only,True,False,False,1.1088353395462036,0.5520628690719604,0.04248046875,0.10869904732156802,1.1973586430237588,1.1292061877661739,6403,696
mixtral,9,5,6,05_vs_1,routing_only,False,False,True,1.218711256980896,0.6573084592819214,0.08111572265625,0.17597987288135594,1.151461175942825,1.1200276002388776,7552,1329
mixtral,9,5,7,05_vs_1,hybrid_only_vs_routing,False,True,False,1.0873790979385376,0.5542612671852112,0.02874755859375,0.05565402339595888,1.1571697864805175,1.1366985790795328,8463,471
mixtral,9,5,7,0_vs_05,hybrid_only_vs_hc,False,True,False,1.0873790979385376,0.5542612671852112,0.02874755859375,0.05565402339595888,1.1571697864805175,1.1366985790795328,8463,471
mixtral,10,1,3,05_vs_1,shared_05_1,True,True,True,1.4524180889129639,0.7919212579727173,0.1422119140625,0.3550205698613439,1.1212848667398778,1.0944646205001634,6563,2330
mixtral,10,1,3,0_vs_05,shared_0_05,True,True,True,1.4524180889129639,0.7919212579727173,0.1422119140625,0.3550205698613439,1.1212848667398778,1.0944646205001634,6563,2330
mixtral,10,1,4,05_vs_1,routing_only,False,False,True,1.7673035860061646,0.9999644756317139,0.0052490234375,0.010293237582286056,1.1960117278450053,1.162007074023402,8355,86
mixtral,10,1,5,05_vs_1,routing_only,False,False,True,1.474048376083374,0.8428508639335632,0.02825927734375,0.05772347587582596,1.1614347675943177,1.135010376991,8021,463
mixtral,10,1,7,05_vs_1,routing_only,False,False,True,1.437261700630188,0.8581990003585815,0.0186767578125,0.037059464696621046,1.1651134359298065,1.090973002263923,8257,306
mixtral,10,2,5,0_vs_05,hc_only,True,False,False,1.498833417892456,0.8792033791542053,0.048583984375,0.09840524168624057,1.1900859870019338,1.1651380902259194,8089,796
mixtral,10,2,6,0_vs_05,hc_only,True,False,False,1.450731635093689,0.8669143915176392,0.046142578125,0.11823584610572412,1.2077697390573339,1.1817385678884214,6394,756
mixtral,10,2,7,0_vs_05,hc_only,True,False,False,1.343114972114563,0.8236831426620483,0.0308837890625,0.059825017734689054,1.1865216857520478,1.1716890702605718,8458,506
mixtral,10,3,4,05_vs_1,routing_only,False,False,True,2.029428482055664,1.0917062759399414,0.01873779296875,0.03531577131024963,1.2050031637632572,1.1440674691712818,8693,307
mixtral,10,3,5,05_vs_1,routing_only,False,False,True,1.5010253190994263,0.8155669569969177,0.04266357421875,0.08377277085330777,1.161810223459626,1.1046380174688686,8344,699
mixtral,10,3,7,05_vs_1,routing_only,False,False,True,1.5197803974151611,0.8604187369346619,0.03765869140625,0.07254556143445032,1.1672883306791473,1.125964227816274,8505,617
mixtral,10,4,5,05_vs_1,shared_05_1,False,True,True,1.6516175270080566,0.9311227202415466,0.038330078125,0.07886474946628155,1.154446322220617,1.1275284354853783,7963,628
mixtral,10,4,5,0_vs_05,hybrid_only_vs_hc,False,True,True,1.6516175270080566,0.9311227202415466,0.038330078125,0.07886474946628155,1.154446322220617,1.1275284354853783,7963,628
mixtral,10,4,6,05_vs_1,hybrid_only_vs_routing,False,True,False,1.7552179098129272,1.0073152780532837,0.0152587890625,0.037844383893430214,1.1957360526629732,1.1525285160541534,6606,250
mixtral,10,4,6,0_vs_05,hybrid_only_vs_hc,False,True,False,1.7552179098129272,1.0073152780532837,0.0152587890625,0.037844383893430214,1.1957360526629732,1.1525285160541534,6606,250
mixtral,10,4,7,05_vs_1,shared_05_1,False,True,True,1.4519703388214111,0.8542764186859131,0.10107421875,0.23609923011120615,1.1698256066493373,1.165740678851731,7014,1656
mixtral,10,4,7,0_vs_05,hybrid_only_vs_hc,False,True,True,1.4519703388214111,0.8542764186859131,0.10107421875,0.23609923011120615,1.1698256066493373,1.165740678851731,7014,1656
mixtral,10,5,6,05_vs_1,hybrid_only_vs_routing,True,True,False,1.3610776662826538,0.7894933223724365,0.05267333984375,0.14297548045062955,1.1855117353561937,1.1554684623782356,6036,863
mixtral,10,5,6,0_vs_05,shared_0_05,True,True,False,1.3610776662826538,0.7894933223724365,0.05267333984375,0.14297548045062955,1.1855117353561937,1.1554684623782356,6036,863
mixtral,10,5,7,05_vs_1,shared_05_1,True,True,True,1.4139246940612793,0.8410376906394958,0.02337646484375,0.045978391356542615,1.1759133365260166,1.1668595016469532,8330,383
mixtral,10,5,7,0_vs_05,shared_0_05,True,True,True,1.4139246940612793,0.8410376906394958,0.02337646484375,0.045978391356542615,1.1759133365260166,1.1668595016469532,8330,383
mixtral,10,6,7,05_vs_1,hybrid_only_vs_routing,True,True,False,1.4157603979110718,0.8581163883209229,0.01043701171875,0.0251211987659762,1.2061381866109866,1.1872292331784788,6807,171
mixtral,10,6,7,0_vs_05,shared_0_05,True,True,False,1.4157603979110718,0.8581163883209229,0.01043701171875,0.0251211987659762,1.2061381866109866,1.1872292331784788,6807,171
mixtral,11,0,1,05_vs_1,hybrid_only_vs_routing,True,True,False,1.4954417943954468,0.7612332701683044,0.09912109375,0.21096388672382438,1.1431231009368619,1.118612581873175,7698,1624
mixtral,11,0,1,0_vs_05,shared_0_05,True,True,False,1.4954417943954468,0.7612332701683044,0.09912109375,0.21096388672382438,1.1431231009368619,1.118612581873175,7698,1624
mixtral,11,0,6,05_vs_1,hybrid_only_vs_routing,True,True,False,1.4284156560897827,0.7330570816993713,0.07928466796875,0.15768390386016023,1.158737961022881,1.1258464325749937,8238,1299
mixtral,11,0,6,0_vs_05,shared_0_05,True,True,False,1.4284156560897827,0.7330570816993713,0.07928466796875,0.15768390386016023,1.158737961022881,1.1258464325749937,8238,1299
mixtral,11,0,7,05_vs_1,hybrid_only_vs_routing,True,True,False,1.4415510892868042,0.714632511138916,0.02032470703125,0.03889278206026629,1.183920825315786,1.1291470266319252,8562,333
mixtral,11,0,7,0_vs_05,shared_0_05,True,True,False,1.4415510892868042,0.714632511138916,0.02032470703125,0.03889278206026629,1.183920825315786,1.1291470266319252,8562,333
mixtral,11,1,6,05_vs_1,hybrid_only_vs_routing,True,True,False,1.4850927591323853,0.7602497339248657,0.04254150390625,0.0806712962962963,1.1479694772649693,1.1234666150132757,8640,697
mixtral,11,1,6,0_vs_05,shared_0_05,True,True,False,1.4850927591323853,0.7602497339248657,0.04254150390625,0.0806712962962963,1.1479694772649693,1.1234666150132757,8640,697
mixtral,11,1,7,05_vs_1,hybrid_only_vs_routing,True,True,False,1.9003033638000488,0.9397923350334167,0.05126953125,0.10693825588796944,1.1858427031946213,1.1443033167294094,7855,840
mixtral,11,1,7,0_vs_05,shared_0_05,True,True,False,1.9003033638000488,0.9397923350334167,0.05126953125,0.10693825588796944,1.1858427031946213,1.1443033167294094,7855,840
mixtral,11,2,4,05_vs_1,routing_only,False,False,True,2.2182929515838623,1.0325738191604614,0.06719970703125,0.1372646802144371,1.2232567021829235,1.1745800543221205,8021,1101
mixtral,11,2,5,05_vs_1,shared_05_1,True,True,True,1.810272455215454,0.867425799369812,0.12103271484375,0.26387225548902193,1.1629955568396086,1.1276215364761084,7515,1983
mixtral,11,2,5,0_vs_05,shared_0_05,True,True,True,1.810272455215454,0.867425799369812,0.12103271484375,0.26387225548902193,1.1629955568396086,1.1276215364761084,7515,1983
mixtral,11,2,6,05_vs_1,routing_only,False,False,True,1.8591829538345337,0.9689816236495972,0.0081787109375,0.014111204717775905,1.2376667221956326,1.1602030298603114,9496,134
mixtral,11,2,7,05_vs_1,routing_only,False,False,True,1.9368722438812256,0.9746169447898865,0.04278564453125,0.0845903221913841,1.2103097813687855,1.143278667828156,8287,701
mixtral,11,4,5,05_vs_1,routing_only,False,False,True,2.61283278465271,1.1188095808029175,0.03070068359375,0.059816862885004166,1.208146388216866,1.168199586109897,8409,503
mixtral,11,4,6,05_vs_1,routing_only,False,False,True,2.196505546569824,1.01356041431427,0.042724609375,0.08389261744966443,1.1900190991614719,1.1638013098921094,8344,700
mixtral,11,4,7,05_vs_1,routing_only,False,False,True,2.915053606033325,1.3038444519042969,0.017822265625,0.036004932182490755,1.2425486831570964,1.2016204258758727,8110,292
mixtral,11,5,6,05_vs_1,routing_only,False,False,True,1.866841197013855,0.8865435123443604,0.0606689453125,0.11796819368620935,1.1789676178217556,1.133294239370396,8426,994
mixtral,11,5,7,05_vs_1,routing_only,False,False,True,1.8946303129196167,0.8713464140892029,0.05621337890625,0.11722031309660176,1.1630305738960103,1.1079816534775475,7857,921
mixtral,11,6,7,05_vs_1,shared_05_1,True,True,True,1.7138651609420776,0.8543179631233215,0.0546875,0.1118043424007986,1.1787377755660382,1.1422804202884436,8014,896
mixtral,11,6,7,0_vs_05,shared_0_05,True,True,True,1.7138651609420776,0.8543179631233215,0.0546875,0.1118043424007986,1.1787377755660382,1.1422804202884436,8014,896
mixtral,12,0,1,0_vs_05,hc_only,True,False,False,1.5954456329345703,0.8746386170387268,0.02935791015625,0.05696352439602084,1.21839802325026,1.1860602947877499,8444,481
mixtral,12,0,2,0_vs_05,hc_only,True,False,False,1.7605282068252563,1.01593816280365,0.0426025390625,0.08127619934792735,1.1921840280391585,1.1598999650567172,8588,698
mixtral,12,0,4,0_vs_05,hc_only,True,False,False,1.7009947299957275,0.9563717246055603,0.10052490234375,0.23731988472622478,1.1684855738703044,1.139957069264952,6940,1647
mixtral,12,0,5,0_vs_05,hc_only,True,False,False,1.589024305343628,0.9452356100082397,0.04278564453125,0.08539407966865635,1.2080191766639214,1.1834228164629317,8209,701
mixtral,12,1,2,05_vs_1,shared_05_1,True,True,True,1.8344725370407104,1.040300726890564,0.05712890625,0.11149493746277546,1.1944659116652978,1.1655963137109056,8395,936
mixtral,12,1,2,0_vs_05,shared_0_05,True,True,True,1.8344725370407104,1.040300726890564,0.05712890625,0.11149493746277546,1.1944659116652978,1.1655963137109056,8395,936
mixtral,12,1,3,05_vs_1,shared_05_1,False,True,True,1.6390830278396606,0.7663218379020691,0.0811767578125,0.16049233739592134,1.1532872880024458,1.1376722202265173,8287,1330
mixtral,12,1,3,0_vs_05,hybrid_only_vs_hc,False,True,True,1.6390830278396606,0.7663218379020691,0.0811767578125,0.16049233739592134,1.1532872880024458,1.1376722202265173,8287,1330
mixtral,12,1,4,0_vs_05,hc_only,True,False,False,2.0014421939849854,1.1063259840011597,0.02008056640625,0.039624232205227025,1.2204827624861625,1.1832990657232452,8303,329
mixtral,12,1,5,05_vs_1,shared_05_1,True,True,True,1.654752254486084,0.9667949676513672,0.02166748046875,0.04127906976744186,1.1984123469507972,1.18955322268983,8600,355
mixtral,12,1,5,0_vs_05,shared_0_05,True,True,True,1.654752254486084,0.9667949676513672,0.02166748046875,0.04127906976744186,1.1984123469507972,1.18955322268983,8600,355
mixtral,12,1,6,05_vs_1,shared_05_1,False,True,True,1.5841916799545288,0.8207478523254395,0.06024169921875,0.13147728786465965,1.1607660832474327,1.1345298442434757,7507,987
mixtral,12,1,6,0_vs_05,hybrid_only_vs_hc,False,True,True,1.5841916799545288,0.8207478523254395,0.06024169921875,0.13147728786465965,1.1607660832474327,1.1345298442434757,7507,987
mixtral,12,2,3,05_vs_1,shared_05_1,False,True,True,2.51173734664917,1.2266227006912231,0.02471923828125,0.042306486994672515,1.1991834382483868,1.1606926544213,9573,405
mixtral,12,2,3,0_vs_05,hybrid_only_vs_hc,False,True,True,2.51173734664917,1.2266227006912231,0.02471923828125,0.042306486994672515,1.1991834382483868,1.1606926544213,9573,405
mixtral,12,2,4,0_vs_05,hc_only,True,False,False,1.493028163909912,0.869111955165863,0.05029296875,0.10086913942955074,1.1703431994171647,1.1418168317635082,8169,824
mixtral,12,2,5,05_vs_1,shared_05_1,True,True,True,1.4490858316421509,0.8942907452583313,0.0404052734375,0.07649641784146059,1.1866637129196262,1.165058390071385,8654,662
mixtral,12,2,5,0_vs_05,shared_0_05,True,True,True,1.4490858316421509,0.8942907452583313,0.0404052734375,0.07649641784146059,1.1866637129196262,1.165058390071385,8654,662
mixtral,12,2,6,05_vs_1,shared_05_1,False,True,True,1.6994819641113281,0.9241489768028259,0.07049560546875,0.15,1.1594039277906543,1.1376059956364817,7700,1155
mixtral,12,2,6,0_vs_05,hybrid_only_vs_hc,False,True,True,1.6994819641113281,0.9241489768028259,0.07049560546875,0.15,1.1594039277906543,1.1376059956364817,7700,1155
mixtral,12,3,5,05_vs_1,shared_05_1,False,True,True,2.1495909690856934,1.0770223140716553,0.0797119140625,0.15742526518804242,1.1829526983093732,1.1600776969199889,8296,1306
mixtral,12,3,5,0_vs_05,hybrid_only_vs_hc,False,True,True,2.1495909690856934,1.0770223140716553,0.0797119140625,0.15742526518804242,1.1829526983093732,1.1600776969199889,8296,1306
mixtral,12,3,6,05_vs_1,shared_05_1,False,True,True,1.9606664180755615,0.8853924870491028,0.043212890625,0.0839558875844895,1.1528583455591825,1.1301541665179582,8433,708
mixtral,12,3,6,0_vs_05,hybrid_only_vs_hc,False,True,True,1.9606664180755615,0.8853924870491028,0.043212890625,0.0839558875844895,1.1528583455591825,1.1301541665179582,8433,708
mixtral,12,4,5,0_vs_05,hc_only,True,False,False,1.4319748878479004,0.8594991564750671,0.04345703125,0.09006957621758381,1.1799066469987536,1.1485009454609303,7905,712
mixtral,12,5,6,05_vs_1,shared_05_1,False,True,True,1.6485271453857422,0.9224339723587036,0.03948974609375,0.08260980592441267,1.167371234806127,1.1385768585632536,7832,647
mixtral,12,5,6,0_vs_05,hybrid_only_vs_hc,False,True,True,1.6485271453857422,0.9224339723587036,0.03948974609375,0.08260980592441267,1.167371234806127,1.1385768585632536,7832,647
mixtral,13,0,1,05_vs_1,shared_05_1,False,True,True,1.8804128170013428,0.7682808041572571,0.02587890625,0.058482758620689655,1.1955017102997878,1.1630652794298135,7250,424
mixtral,13,0,1,0_vs_05,hybrid_only_vs_hc,False,True,True,1.8804128170013428,0.7682808041572571,0.02587890625,0.058482758620689655,1.1955017102997878,1.1630652794298135,7250,424
mixtral,13,0,3,05_vs_1,shared_05_1,False,True,True,1.8671784400939941,0.7599976062774658,0.0557861328125,0.12472707423580787,1.1826051119633638,1.1415419484645584,7328,914
mixtral,13,0,3,0_vs_05,hybrid_only_vs_hc,False,True,True,1.8671784400939941,0.7599976062774658,0.0557861328125,0.12472707423580787,1.1826051119633638,1.1415419484645584,7328,914
mixtral,13,0,5,05_vs_1,shared_05_1,False,True,True,1.9827691316604614,0.8325404524803162,0.02691650390625,0.05532555513737298,1.1726825107760628,1.1431331107405578,7971,441
mixtral,13,0,5,0_vs_05,hybrid_only_vs_hc,False,True,True,1.9827691316604614,0.8325404524803162,0.02691650390625,0.05532555513737298,1.1726825107760628,1.1431331107405578,7971,441
mixtral,13,0,6,05_vs_1,shared_05_1,False,True,True,2.0018937587738037,0.8801141381263733,0.04071044921875,0.08731509359863857,1.1749340576219816,1.1307905326182697,7639,667
mixtral,13,0,6,0_vs_05,hybrid_only_vs_hc,False,True,True,2.0018937587738037,0.8801141381263733,0.04071044921875,0.08731509359863857,1.1749340576219816,1.1307905326182697,7639,667
mixtral,13,1,3,05_vs_1,shared_05_1,True,True,True,1.9608685970306396,0.8495067358016968,0.01971435546875,0.042249836494440814,1.215034635056071,1.1854606209893714,7645,323
mixtral,13,1,3,0_vs_05,shared_0_05,True,True,True,1.9608685970306396,0.8495067358016968,0.01971435546875,0.042249836494440814,1.215034635056071,1.1854606209893714,7645,323
mixtral,13,1,5,05_vs_1,shared_05_1,True,True,True,1.7795354127883911,0.7969220280647278,0.0380859375,0.08304498269896193,1.178930872007669,1.1369992491717522,7514,624
mixtral,13,1,5,0_vs_05,shared_0_05,True,True,True,1.7795354127883911,0.7969220280647278,0.0380859375,0.08304498269896193,1.178930872007669,1.1369992491717522,7514,624
mixtral,13,1,6,05_vs_1,shared_05_1,True,True,True,1.6984710693359375,0.7989020943641663,0.0810546875,0.19809069212410502,1.17331667162638,1.1502433826765381,6704,1328
mixtral,13,1,6,0_vs_05,shared_0_05,True,True,True,1.6984710693359375,0.7989020943641663,0.0810546875,0.19809069212410502,1.17331667162638,1.1502433826765381,6704,1328
mixtral,13,2,7,0_vs_05,hc_only,True,False,False,1.7793116569519043,0.7676236629486084,0.0577392578125,0.1379813302217036,1.2056874600146728,1.1761983794339363,6856,946
mixtral,13,3,5,05_vs_1,shared_05_1,True,True,True,1.6932485103607178,0.7551482319831848,0.08892822265625,0.2009932404469582,1.1572308710713701,1.14104182522184,7249,1457
mixtral,13,3,5,0_vs_05,shared_0_05,True,True,True,1.6932485103607178,0.7551482319831848,0.08892822265625,0.2009932404469582,1.1572308710713701,1.14104182522184,7249,1457
mixtral,13,3,6,05_vs_1,shared_05_1,True,True,True,1.917479157447815,0.8980036973953247,0.02703857421875,0.054309182297413265,1.198887033615683,1.1640078699884782,8157,443
mixtral,13,3,6,0_vs_05,shared_0_05,True,True,True,1.917479157447815,0.8980036973953247,0.02703857421875,0.054309182297413265,1.198887033615683,1.1640078699884782,8157,443
mixtral,13,5,6,05_vs_1,shared_05_1,True,True,True,1.5866317749023438,0.7701961398124695,0.04345703125,0.08835939439066766,1.145082149472477,1.1377677354082634,8058,712
mixtral,13,5,6,0_vs_05,shared_0_05,True,True,True,1.5866317749023438,0.7701961398124695,0.04345703125,0.08835939439066766,1.145082149472477,1.1377677354082634,8058,712
mixtral,14,0,3,05_vs_1,routing_only,True,False,True,2.5500173568725586,0.9181228876113892,0.10919189453125,0.26374760430487987,1.1929603867978626,1.1571531820856973,6783,1789
mixtral,14,0,3,0_vs_05,hc_only,True,False,True,2.5500173568725586,0.9181228876113892,0.10919189453125,0.26374760430487987,1.1929603867978626,1.1571531820856973,6783,1789
mixtral,14,0,4,05_vs_1,routing_only,False,False,True,2.563995361328125,1.0063352584838867,0.07611083984375,0.18498739059486724,1.2166185869942112,1.1758482836682795,6741,1247
mixtral,14,0,5,05_vs_1,routing_only,False,False,True,2.9407846927642822,1.11709463596344,0.0064697265625,0.013261603903415489,1.2573146951313416,1.2211658561004783,7993,106
mixtral,14,0,6,05_vs_1,routing_only,False,False,True,3.105909585952759,1.1377500295639038,0.0050048828125,0.009632327029249384,1.2296045743157409,1.1835477497519515,8513,82
mixtral,14,1,4,05_vs_1,hybrid_only_vs_routing,False,True,False,2.6783502101898193,1.0334711074829102,0.0462646484375,0.09392812887236679,1.1587040169679248,1.1341920149829583,8070,758
mixtral,14,1,4,0_vs_05,hybrid_only_vs_hc,False,True,False,2.6783502101898193,1.0334711074829102,0.0462646484375,0.09392812887236679,1.1587040169679248,1.1341920149829583,8070,758
mixtral,14,1,5,05_vs_1,hybrid_only_vs_routing,False,True,False,2.2680304050445557,0.8474555611610413,0.059814453125,0.12313104661389622,1.1526601048237206,1.139655895379125,7959,980
mixtral,14,1,5,0_vs_05,hybrid_only_vs_hc,False,True,False,2.2680304050445557,0.8474555611610413,0.059814453125,0.12313104661389622,1.1526601048237206,1.139655895379125,7959,980
mixtral,14,1,6,05_vs_1,hybrid_only_vs_routing,False,True,False,2.9338746070861816,1.0577771663665771,0.019287109375,0.03465292246956903,1.159277105974594,1.111776504335524,9119,316
mixtral,14,1,6,0_vs_05,hybrid_only_vs_hc,False,True,False,2.9338746070861816,1.0577771663665771,0.019287109375,0.03465292246956903,1.159277105974594,1.111776504335524,9119,316
mixtral,14,1,7,05_vs_1,hybrid_only_vs_routing,False,True,False,2.448496103286743,0.9125490188598633,0.084716796875,0.18553669295548725,1.1307486478155142,1.110763704914181,7481,1388
mixtral,14,1,7,0_vs_05,hybrid_only_vs_hc,False,True,False,2.448496103286743,0.9125490188598633,0.084716796875,0.18553669295548725,1.1307486478155142,1.110763704914181,7481,1388
mixtral,14,3,4,05_vs_1,routing_only,False,False,True,2.609550952911377,1.0235010385513306,0.0364990234375,0.07315879618301933,1.2136978567565366,1.1603311243463919,8174,598
mixtral,14,3,5,05_vs_1,routing_only,False,False,True,2.796736478805542,1.0616588592529297,0.02008056640625,0.038461538461538464,1.1980782540735866,1.1726801404474716,8554,329
mixtral,14,3,6,05_vs_1,routing_only,False,False,True,2.5864670276641846,0.9468521475791931,0.07427978515625,0.1491056113697623,1.1346561115940714,1.0927783021597757,8162,1217
mixtral,14,4,5,05_vs_1,shared_05_1,True,True,True,2.4336986541748047,1.0120434761047363,0.02593994140625,0.0539751079502159,1.2065531864122658,1.1796963711345898,7874,425
mixtral,14,4,5,0_vs_05,shared_0_05,True,True,True,2.4336986541748047,1.0120434761047363,0.02593994140625,0.0539751079502159,1.2065531864122658,1.1796963711345898,7874,425
mixtral,14,4,6,05_vs_1,shared_05_1,True,True,True,2.423733711242676,0.9686885476112366,0.02374267578125,0.04627646918867476,1.2003795529387549,1.1641477973111798,8406,389
mixtral,14,4,6,0_vs_05,shared_0_05,True,True,True,2.423733711242676,0.9686885476112366,0.02374267578125,0.04627646918867476,1.2003795529387549,1.1641477973111798,8406,389
mixtral,14,4,7,05_vs_1,hybrid_only_vs_routing,True,True,False,2.4055933952331543,0.9975118041038513,0.03448486328125,0.07372129436325678,1.200918296682561,1.159898393555025,7664,565
mixtral,14,4,7,0_vs_05,shared_0_05,True,True,False,2.4055933952331543,0.9975118041038513,0.03448486328125,0.07372129436325678,1.200918296682561,1.159898393555025,7664,565
mixtral,14,5,6,05_vs_1,shared_05_1,True,True,True,2.2663111686706543,0.8761218786239624,0.09173583984375,0.20302580035120896,1.1447570975464807,1.1233095576266645,7403,1503
mixtral,14,5,6,0_vs_05,shared_0_05,True,True,True,2.2663111686706543,0.8761218786239624,0.09173583984375,0.20302580035120896,1.1447570975464807,1.1233095576266645,7403,1503
mixtral,14,5,7,05_vs_1,hybrid_only_vs_routing,True,True,False,2.223876714706421,0.8908798098564148,0.047119140625,0.10200845665961945,1.1751669877175297,1.1461600780178227,7568,772
mixtral,14,5,7,0_vs_05,shared_0_05,True,True,False,2.223876714706421,0.8908798098564148,0.047119140625,0.10200845665961945,1.1751669877175297,1.1461600780178227,7568,772
mixtral,14,6,7,05_vs_1,hybrid_only_vs_routing,True,True,False,2.23087477684021,0.8601426482200623,0.04278564453125,0.08617086662569146,1.1631750260384155,1.1293611866601354,8135,701
mixtral,14,6,7,0_vs_05,shared_0_05,True,True,False,2.23087477684021,0.8601426482200623,0.04278564453125,0.08617086662569146,1.1631750260384155,1.1293611866601354,8135,701
mixtral,15,0,1,0_vs_05,hc_only,True,False,False,2.532651662826538,0.8744075894355774,0.01300048828125,0.02623475797512009,1.2181661309595693,1.1664300566547914,8119,213
mixtral,15,0,5,0_vs_05,hc_only,True,False,False,2.4450244903564453,0.8542516231536865,0.086669921875,0.20449308755760368,1.2130539472202002,1.17786520224222,6944,1420
mixtral,15,1,2,05_vs_1,shared_05_1,False,True,True,2.415419816970825,0.8131682872772217,0.0333251953125,0.0646996089584074,1.1970836387622525,1.1653970438482124,8439,546
mixtral,15,1,2,0_vs_05,hybrid_only_vs_hc,False,True,True,2.415419816970825,0.8131682872772217,0.0333251953125,0.0646996089584074,1.1970836387622525,1.1653970438482124,8439,546
mixtral,15,1,4,05_vs_1,hybrid_only_vs_routing,False,True,False,2.2502970695495605,0.7449479699134827,0.03167724609375,0.06534877864517753,1.1860689913947347,1.1511998020385272,7942,519
mixtral,15,1,4,0_vs_05,hybrid_only_vs_hc,False,True,False,2.2502970695495605,0.7449479699134827,0.03167724609375,0.06534877864517753,1.1860689913947347,1.1511998020385272,7942,519
mixtral,15,1,5,05_vs_1,shared_05_1,True,True,True,2.339632987976074,0.8017711639404297,0.05474853515625,0.11534010543911534,1.191612968626313,1.152780748795772,7777,897
mixtral,15,1,5,0_vs_05,shared_0_05,True,True,True,2.339632987976074,0.8017711639404297,0.05474853515625,0.11534010543911534,1.191612968626313,1.152780748795772,7777,897
mixtral,15,1,6,05_vs_1,routing_only,False,False,True,3.0689196586608887,0.9855279326438904,0.04119873046875,0.07943980228315876,1.201282535340627,1.1740206278695,8497,675
mixtral,15,1,7,05_vs_1,hybrid_only_vs_routing,False,True,False,2.5329980850219727,0.805728554725647,0.0697021484375,0.1495547407019382,1.1975525081188907,1.1753610305736026,7636,1142
mixtral,15,1,7,0_vs_05,hybrid_only_vs_hc,False,True,False,2.5329980850219727,0.805728554725647,0.0697021484375,0.1495547407019382,1.1975525081188907,1.1753610305736026,7636,1142
mixtral,15,2,3,0_vs_05,hc_only,True,False,False,2.5971426963806152,0.8372911214828491,0.02105712890625,0.054848966613672494,1.2336333605367542,1.1547399517418682,6290,345
mixtral,15,2,4,05_vs_1,hybrid_only_vs_routing,True,True,False,2.2065980434417725,0.7261396050453186,0.0574951171875,0.11981684049860086,1.1566300048866942,1.1249608140589071,7862,942
mixtral,15,2,4,0_vs_05,shared_0_05,True,True,False,2.2065980434417725,0.7261396050453186,0.0574951171875,0.11981684049860086,1.1566300048866942,1.1249608140589071,7862,942
mixtral,15,2,5,05_vs_1,shared_05_1,False,True,True,2.627680540084839,0.8949427008628845,0.01593017578125,0.029808131566925536,1.206291277586134,1.166814334319469,8756,261
mixtral,15,2,5,0_vs_05,hybrid_only_vs_hc,False,True,True,2.627680540084839,0.8949427008628845,0.01593017578125,0.029808131566925536,1.206291277586134,1.166814334319469,8756,261
mixtral,15,2,6,05_vs_1,routing_only,False,False,True,2.823781967163086,0.9015766978263855,0.1097412109375,0.23299209537384993,1.1632818682014254,1.1438676498755729,7717,1798
mixtral,15,2,7,05_vs_1,hybrid_only_vs_routing,False,True,False,2.673441171646118,0.8455442190170288,0.03338623046875,0.06379752740844413,1.1994398836492242,1.1679607276724724,8574,547
mixtral,15,2,7,0_vs_05,hybrid_only_vs_hc,False,True,False,2.673441171646118,0.8455442190170288,0.03338623046875,0.06379752740844413,1.1994398836492242,1.1679607276724724,8574,547
mixtral,15,3,4,0_vs_05,hc_only,True,False,False,2.401616096496582,0.7618851661682129,0.01416015625,0.03946249362136418,1.2284693506263231,1.1501959927123169,5879,232
mixtral,15,4,5,05_vs_1,hybrid_only_vs_routing,False,True,False,2.6603569984436035,0.8907923102378845,0.01220703125,0.024116724948751958,1.2054211639400616,1.1472469037771225,8293,200
mixtral,15,4,5,0_vs_05,hybrid_only_vs_hc,False,True,False,2.6603569984436035,0.8907923102378845,0.01220703125,0.024116724948751958,1.2054211639400616,1.1472469037771225,8293,200
mixtral,15,4,7,05_vs_1,shared_05_1,False,True,True,2.450911045074463,0.763009786605835,0.108154296875,0.25963369963369964,1.1878382800874256,1.1498207685371553,6825,1772
mixtral,15,4,7,0_vs_05,hybrid_only_vs_hc,False,True,True,2.450911045074463,0.763009786605835,0.108154296875,0.25963369963369964,1.1878382800874256,1.1498207685371553,6825,1772
mixtral,15,5,6,05_vs_1,routing_only,False,False,True,2.7826600074768066,0.9035349488258362,0.077392578125,0.15977822580645162,1.1793324519549646,1.1658494136404915,7936,1268
mixtral,15,5,7,05_vs_1,hybrid_only_vs_routing,False,True,False,3.011169195175171,0.9683775305747986,0.00555419921875,0.010436976717513476,1.234828619962986,1.2139026083789028,8719,91
mixtral,15,5,7,0_vs_05,hybrid_only_vs_hc,False,True,False,3.011169195175171,0.9683775305747986,0.00555419921875,0.010436976717513476,1.234828619962986,1.2139026083789028,8719,91
mixtral,16,0,1,05_vs_1,shared_05_1,False,True,True,2.9231772422790527,0.35863614082336426,0.10430908203125,0.27915713819013394,1.0802601353478019,1.0052753970105444,6122,1709
mixtral,16,0,1,0_vs_05,hybrid_only_vs_hc,False,True,True,2.9231772422790527,0.35863614082336426,0.10430908203125,0.27915713819013394,1.0802601353478019,1.0052753970105444,6122,1709
mixtral,16,0,2,05_vs_1,shared_05_1,False,True,True,3.2453994750976562,0.3982119858264923,0.04010009765625,0.08468677494199536,1.1292463997400555,1.0597817547608002,7758,657
mixtral,16,0,2,0_vs_05,hybrid_only_vs_hc,False,True,True,3.2453994750976562,0.3982119858264923,0.04010009765625,0.08468677494199536,1.1292463997400555,1.0597817547608002,7758,657
mixtral,16,0,3,05_vs_1,shared_05_1,False,True,True,3.4729163646698,0.4353177547454834,0.02081298828125,0.049355912577797076,1.1729580068539944,1.103913846603237,6909,341
mixtral,16,0,3,0_vs_05,hybrid_only_vs_hc,False,True,True,3.4729163646698,0.4353177547454834,0.02081298828125,0.049355912577797076,1.1729580068539944,1.103913846603237,6909,341
mixtral,16,0,7,05_vs_1,shared_05_1,False,True,True,3.2157788276672363,0.4084748923778534,0.03472900390625,0.07377155451834565,1.1409810591838276,1.1034888084617775,7713,569
mixtral,16,0,7,0_vs_05,hybrid_only_vs_hc,False,True,True,3.2157788276672363,0.4084748923778534,0.03472900390625,0.07377155451834565,1.1409810591838276,1.1034888084617775,7713,569
mixtral,16,1,2,05_vs_1,shared_05_1,False,True,True,3.0561013221740723,0.3851436674594879,0.0587158203125,0.12496752403221616,1.110158048130748,1.042013043301517,7698,962
mixtral,16,1,2,0_vs_05,hybrid_only_vs_hc,False,True,True,3.0561013221740723,0.3851436674594879,0.0587158203125,0.12496752403221616,1.110158048130748,1.042013043301517,7698,962
mixtral,16,1,3,05_vs_1,shared_05_1,False,True,True,3.2645423412323,0.4205300211906433,0.03857421875,0.09208800815969692,1.1552984467508771,1.082257300803933,6863,632
mixtral,16,1,3,0_vs_05,hybrid_only_vs_hc,False,True,True,3.2645423412323,0.4205300211906433,0.03857421875,0.09208800815969692,1.1552984467508771,1.082257300803933,6863,632
mixtral,16,1,7,05_vs_1,shared_05_1,False,True,True,3.1624221801757812,0.4129737913608551,0.02593994140625,0.052456183658355963,1.1405858428529445,1.103565581405864,8102,425
mixtral,16,1,7,0_vs_05,hybrid_only_vs_hc,False,True,True,3.1624221801757812,0.4129737913608551,0.02593994140625,0.052456183658355963,1.1405858428529445,1.103565581405864,8102,425
mixtral,16,2,3,05_vs_1,shared_05_1,True,True,True,2.9017584323883057,0.3738398253917694,0.025390625,0.05428683283309409,1.1424629966101634,1.0868281055814946,7663,416
mixtral,16,2,3,0_vs_05,shared_0_05,True,True,True,2.9017584323883057,0.3738398253917694,0.025390625,0.05428683283309409,1.1424629966101634,1.0868281055814946,7663,416
mixtral,16,2,4,0_vs_05,hc_only,True,False,False,2.771336317062378,0.36542195081710815,0.039306640625,0.07834549878345498,1.1227864766642994,1.0624989097162802,8220,644
mixtral,16,2,6,0_vs_05,hc_only,True,False,False,2.6698758602142334,0.34773027896881104,0.03253173828125,0.06461389259304158,1.1279013327705973,1.071266040681227,8249,533
mixtral,16,2,7,05_vs_1,shared_05_1,True,True,True,2.814847469329834,0.3676273226737976,0.0369873046875,0.07125220458553792,1.1311805016429617,1.0840681728356742,8505,606
mixtral,16,2,7,0_vs_05,shared_0_05,True,True,True,2.814847469329834,0.3676273226737976,0.0369873046875,0.07125220458553792,1.1311805016429617,1.0840681728356742,8505,606
mixtral,16,3,4,0_vs_05,hc_only,True,False,False,2.6241073608398438,0.35404011607170105,0.0596923828125,0.14551406040767742,1.1077140498207432,1.0686283307207143,6721,978
mixtral,16,3,6,0_vs_05,hc_only,True,False,False,2.764854907989502,0.36835426092147827,0.0201416015625,0.045286125977768626,1.1458845262879516,1.099738117239692,7287,330
mixtral,16,3,7,05_vs_1,shared_05_1,True,True,True,2.7132134437561035,0.3624986410140991,0.03326416015625,0.07363869747331442,1.1326576784935662,1.0970672303383504,7401,545
mixtral,16,3,7,0_vs_05,shared_0_05,True,True,True,2.7132134437561035,0.3624986410140991,0.03326416015625,0.07363869747331442,1.1326576784935662,1.0970672303383504,7401,545
mixtral,16,4,6,0_vs_05,hc_only,True,False,False,2.503291368484497,0.34161266684532166,0.05963134765625,0.13158249158249158,1.1238103354097617,1.0693192374010778,7425,977
mixtral,16,4,7,0_vs_05,hc_only,True,False,False,2.532154083251953,0.34655460715293884,0.03790283203125,0.07657213316892725,1.1206711393984266,1.0872070612730804,8110,621
mixtral,16,6,7,0_vs_05,hc_only,True,False,False,2.5725646018981934,0.3476097583770752,0.04443359375,0.09190758742583008,1.138276045136704,1.0932583966916734,7921,728
mixtral,17,0,1,05_vs_1,routing_only,False,False,True,4.55723762512207,0.5322959423065186,0.06781005859375,0.14918759231905465,1.1704451562382798,1.0926929633967195,7447,1111
mixtral,17,0,2,05_vs_1,routing_only,False,False,True,4.485244274139404,0.5278224349021912,0.10699462890625,0.24172642029784888,1.161539534870196,1.1429444783358185,7252,1753
mixtral,17,0,4,05_vs_1,routing_only,False,False,True,5.517354965209961,0.6318948864936829,0.001708984375,0.0032809936723693462,1.2126955140075613,nan,8534,28
mixtral,17,0,5,05_vs_1,routing_only,False,False,True,4.884145736694336,0.5667465329170227,0.04583740234375,0.10187194791101466,1.158440376712263,1.12366680386222,7372,751
mixtral,17,1,2,05_vs_1,routing_only,False,False,True,3.5383670330047607,0.46695995330810547,0.00439453125,0.00789560258800307,1.1815980680549154,1.1574411640564601,9119,72
mixtral,17,1,3,05_vs_1,hybrid_only_vs_routing,False,True,False,3.583482265472412,0.4422958493232727,0.04534912109375,0.10258180312025404,1.1512734074627482,1.1016042761975953,7243,743
mixtral,17,1,3,0_vs_05,hybrid_only_vs_hc,False,True,False,3.583482265472412,0.4422958493232727,0.04534912109375,0.10258180312025404,1.1512734074627482,1.1016042761975953,7243,743
mixtral,17,1,4,05_vs_1,shared_05_1,False,True,True,3.968738079071045,0.5080791711807251,0.03497314453125,0.07009174311926605,1.1655584100845757,1.1257268001063747,8175,573
mixtral,17,1,4,0_vs_05,hybrid_only_vs_hc,False,True,True,3.968738079071045,0.5080791711807251,0.03497314453125,0.07009174311926605,1.1655584100845757,1.1257268001063747,8175,573
mixtral,17,1,5,05_vs_1,routing_only,False,False,True,3.860614538192749,0.5015295147895813,0.0538330078125,0.11875589066918002,1.1635340891825618,1.1080959231134444,7427,882
mixtral,17,1,6,05_vs_1,hybrid_only_vs_routing,False,True,False,3.613450527191162,0.4722907841205597,0.02337646484375,0.05292248169130855,1.182741992460754,1.1103109790513161,7237,383
mixtral,17,1,6,0_vs_05,hybrid_only_vs_hc,False,True,False,3.613450527191162,0.4722907841205597,0.02337646484375,0.05292248169130855,1.182741992460754,1.1103109790513161,7237,383
mixtral,17,1,7,05_vs_1,hybrid_only_vs_routing,False,True,False,3.483722448348999,0.44571417570114136,0.037109375,0.0761904761904762,1.1602465268663296,1.1175242738896294,7980,608
mixtral,17,1,7,0_vs_05,hybrid_only_vs_hc,False,True,False,3.483722448348999,0.44571417570114136,0.037109375,0.0761904761904762,1.1602465268663296,1.1175242738896294,7980,608
mixtral,17,2,3,0_vs_05,hc_only,True,False,False,3.670740842819214,0.4566638767719269,0.012939453125,0.02578761707821433,1.1742016897049572,1.143026590628444,8221,212
mixtral,17,2,4,05_vs_1,routing_only,False,False,True,3.5247559547424316,0.454958438873291,0.09002685546875,0.19106217616580312,1.1656037834641848,1.1323538466631355,7720,1475
mixtral,17,2,5,05_vs_1,routing_only,True,False,True,3.3483080863952637,0.43861350417137146,0.0535888671875,0.11144960649911145,1.1551322346261443,1.108740846972259,7878,878
mixtral,17,2,5,0_vs_05,hc_only,True,False,True,3.3483080863952637,0.43861350417137146,0.0535888671875,0.11144960649911145,1.1551322346261443,1.108740846972259,7878,878
mixtral,17,2,6,0_vs_05,hc_only,True,False,False,3.4337165355682373,0.4525749087333679,0.00872802734375,0.018046441191317517,1.180305605642366,1.1223961381645469,7924,143
mixtral,17,2,7,0_vs_05,hc_only,True,False,False,3.2726736068725586,0.4221600592136383,0.0174560546875,0.03268945022288262,1.159417672025938,1.1033683021168608,8749,286
mixtral,17,3,4,05_vs_1,hybrid_only_vs_routing,False,True,False,4.231611251831055,0.5115600228309631,0.037109375,0.08236250338661609,1.1739821949485711,1.1356716882437468,7382,608
mixtral,17,3,4,0_vs_05,hybrid_only_vs_hc,False,True,False,4.231611251831055,0.5115600228309631,0.037109375,0.08236250338661609,1.1739821949485711,1.1356716882437468,7382,608
mixtral,17,3,5,0_vs_05,hc_only,True,False,False,4.043519973754883,0.4956267774105072,0.0101318359375,0.02247799593771158,1.172524350320639,1.1202202493167785,7385,166
mixtral,17,3,6,05_vs_1,hybrid_only_vs_routing,True,True,False,3.3204336166381836,0.4093429446220398,0.07354736328125,0.21301042955630192,1.144131132627895,1.0553925174895165,5657,1205
mixtral,17,3,6,0_vs_05,shared_0_05,True,True,False,3.3204336166381836,0.4093429446220398,0.07354736328125,0.21301042955630192,1.144131132627895,1.0553925174895165,5657,1205
mixtral,17,3,7,05_vs_1,hybrid_only_vs_routing,True,True,False,3.175527572631836,0.383667916059494,0.0377197265625,0.08569051580698835,1.1472859866607208,1.1060312941043509,7212,618
mixtral,17,3,7,0_vs_05,shared_0_05,True,True,False,3.175527572631836,0.383667916059494,0.0377197265625,0.08569051580698835,1.1472859866607208,1.1060312941043509,7212,618
mixtral,17,4,5,05_vs_1,routing_only,False,False,True,3.9500679969787598,0.5020643472671509,0.01513671875,0.030750154990700558,1.1855241570942756,1.1241933833206854,8065,248
mixtral,17,4,6,05_vs_1,hybrid_only_vs_routing,False,True,False,4.324100494384766,0.55289226770401,0.0072021484375,0.015720756727950973,1.2051902408127209,1.167673647403717,7506,118
mixtral,17,4,6,0_vs_05,hybrid_only_vs_hc,False,True,False,4.324100494384766,0.55289226770401,0.0072021484375,0.015720756727950973,1.2051902408127209,1.167673647403717,7506,118
mixtral,17,4,7,05_vs_1,hybrid_only_vs_routing,False,True,False,3.7524948120117188,0.46988314390182495,0.0809326171875,0.18249380677126342,1.151486707855905,1.1299661955322795,7266,1326
mixtral,17,4,7,0_vs_05,hybrid_only_vs_hc,False,True,False,3.7524948120117188,0.46988314390182495,0.0809326171875,0.18249380677126342,1.151486707855905,1.1299661955322795,7266,1326
mixtral,17,5,6,0_vs_05,hc_only,True,False,False,3.442368268966675,0.4466376304626465,0.0338134765625,0.08354697632332982,1.1425070618094586,1.1114358905205228,6631,554
mixtral,17,5,7,0_vs_05,hc_only,True,False,False,3.3387327194213867,0.4241039454936981,0.0279541015625,0.059519168291098115,1.1491852852645983,1.1080025414972847,7695,458
mixtral,17,6,7,05_vs_1,hybrid_only_vs_routing,True,True,False,3.141799211502075,0.4014739990234375,0.0391845703125,0.09410729991204925,1.1575010272283004,1.122508421308155,6822,642
mixtral,17,6,7,0_vs_05,shared_0_05,True,True,False,3.141799211502075,0.4014739990234375,0.0391845703125,0.09410729991204925,1.1575010272283004,1.122508421308155,6822,642
mixtral,18,0,2,05_vs_1,routing_only,False,False,True,5.404625415802002,0.5518940687179565,0.0732421875,0.1699475994901572,1.1955294823143439,1.1052879937489828,7061,1200
mixtral,18,0,4,05_vs_1,routing_only,False,False,True,5.345363616943359,0.5656619668006897,0.0262451171875,0.05306676539553252,1.1721706661077012,1.060029411038687,8103,430
mixtral,18,0,5,05_vs_1,routing_only,False,False,True,5.457853317260742,0.5474096536636353,0.02679443359375,0.058736954776558735,1.1422030689054739,1.0669275048381919,7474,439
mixtral,18,0,7,05_vs_1,routing_only,False,False,True,5.872931003570557,0.6152754426002502,0.01324462890625,0.02895263509006004,1.1853339365118738,1.1233764755011704,7495,217
mixtral,18,1,3,0_vs_05,hc_only,True,False,False,4.5356245040893555,0.4773913025856018,0.06512451171875,0.14881450488145048,1.1322108009370302,1.0955499639663053,7170,1067
mixtral,18,1,6,0_vs_05,hc_only,True,False,False,4.717273235321045,0.49439889192581177,0.0379638671875,0.08128593831677992,1.152509875778621,1.0885165026141899,7652,622
mixtral,18,2,4,05_vs_1,routing_only,False,False,True,5.02827787399292,0.5075550675392151,0.10107421875,0.2364363221016562,1.1454838649808579,1.108958330059397,7004,1656
mixtral,18,2,5,05_vs_1,routing_only,False,False,True,5.477657794952393,0.5253118872642517,0.011474609375,0.023942944472745798,1.1690677442662398,1.1233173713405082,7852,188
mixtral,18,2,7,05_vs_1,routing_only,False,False,True,5.4119744300842285,0.5410720109939575,0.0299072265625,0.06667573819567288,1.1589042563911425,1.1314468500565509,7349,490
mixtral,18,3,4,05_vs_1,hybrid_only_vs_routing,False,True,False,4.62987756729126,0.480205774307251,0.040771484375,0.08273470398810999,1.1327656610548895,1.0808689119573125,8074,668
mixtral,18,3,4,0_vs_05,hybrid_only_vs_hc,False,True,False,4.62987756729126,0.480205774307251,0.040771484375,0.08273470398810999,1.1327656610548895,1.0808689119573125,8074,668
mixtral,18,3,5,05_vs_1,hybrid_only_vs_routing,False,True,False,4.9562201499938965,0.4877198040485382,0.0234375,0.04962522615662962,1.1404936404214654,1.1053221949065726,7738,384
mixtral,18,3,5,0_vs_05,hybrid_only_vs_hc,False,True,False,4.9562201499938965,0.4877198040485382,0.0234375,0.04962522615662962,1.1404936404214654,1.1053221949065726,7738,384
mixtral,18,3,6,05_vs_1,hybrid_only_vs_routing,True,True,False,4.569635391235352,0.46821340918540955,0.0673828125,0.1474949899799599,1.1324573641708873,1.102103183450906,7485,1104
mixtral,18,3,6,0_vs_05,shared_0_05,True,True,False,4.569635391235352,0.46821340918540955,0.0673828125,0.1474949899799599,1.1324573641708873,1.102103183450906,7485,1104
mixtral,18,3,7,05_vs_1,hybrid_only_vs_routing,False,True,False,5.215778350830078,0.5356712341308594,0.01239013671875,0.026302150816273646,1.169028334309938,1.0902401111983313,7718,203
mixtral,18,3,7,0_vs_05,hybrid_only_vs_hc,False,True,False,5.215778350830078,0.5356712341308594,0.01239013671875,0.026302150816273646,1.169028334309938,1.0902401111983313,7718,203
mixtral,18,4,5,05_vs_1,shared_05_1,True,True,True,4.4578447341918945,0.4420570135116577,0.02789306640625,0.058179503500954806,1.1117495618755844,0.9636628582128028,7855,457
mixtral,18,4,5,0_vs_05,shared_0_05,True,True,True,4.4578447341918945,0.4420570135116577,0.02789306640625,0.058179503500954806,1.1117495618755844,0.9636628582128028,7855,457
mixtral,18,4,6,05_vs_1,hybrid_only_vs_routing,False,True,False,4.777540683746338,0.4934443533420563,0.0242919921875,0.047488366543371914,1.1571076860463132,1.0831961001283559,8381,398
mixtral,18,4,6,0_vs_05,hybrid_only_vs_hc,False,True,False,4.777540683746338,0.4934443533420563,0.0242919921875,0.047488366543371914,1.1571076860463132,1.0831961001283559,8381,398
mixtral,18,4,7,05_vs_1,shared_05_1,True,True,True,3.9816181659698486,0.41220995783805847,0.0421142578125,0.09297938283250236,1.0897276302245633,1.0236447907876278,7421,690
mixtral,18,4,7,0_vs_05,shared_0_05,True,True,True,3.9816181659698486,0.41220995783805847,0.0421142578125,0.09297938283250236,1.0897276302245633,1.0236447907876278,7421,690
mixtral,18,5,6,05_vs_1,hybrid_only_vs_routing,False,True,False,5.059818744659424,0.4959340989589691,0.03326416015625,0.07157867086945101,1.158999549018012,1.110722591242659,7614,545
mixtral,18,5,6,0_vs_05,hybrid_only_vs_hc,False,True,False,5.059818744659424,0.4959340989589691,0.03326416015625,0.07157867086945101,1.158999549018012,1.110722591242659,7614,545
mixtral,18,5,7,05_vs_1,shared_05_1,True,True,True,4.361555576324463,0.42845290899276733,0.052490234375,0.12969386216256976,1.1107515988891399,0.93954256468041,6631,860
mixtral,18,5,7,0_vs_05,shared_0_05,True,True,True,4.361555576324463,0.42845290899276733,0.052490234375,0.12969386216256976,1.1107515988891399,0.93954256468041,6631,860
mixtral,18,6,7,05_vs_1,hybrid_only_vs_routing,False,True,False,4.941373825073242,0.5053830742835999,0.05999755859375,0.14093189964157707,1.155969460326711,1.1022873975616991,6975,983
mixtral,18,6,7,0_vs_05,hybrid_only_vs_hc,False,True,False,4.941373825073242,0.5053830742835999,0.05999755859375,0.14093189964157707,1.155969460326711,1.1022873975616991,6975,983
mixtral,19,0,1,05_vs_1,routing_only,True,False,True,5.854199409484863,0.4633556008338928,0.02972412109375,0.06753570933296353,1.1289053115347456,1.0446298263156193,7211,487
mixtral,19,0,1,0_vs_05,hc_only,True,False,True,5.854199409484863,0.4633556008338928,0.02972412109375,0.06753570933296353,1.1289053115347456,1.0446298263156193,7211,487
mixtral,19,0,2,05_vs_1,hybrid_only_vs_routing,True,True,False,5.116822719573975,0.4246560335159302,0.02105712890625,0.042445866141732284,1.1266643982233964,1.0887004221695056,8128,345
mixtral,19,0,2,0_vs_05,shared_0_05,True,True,False,5.116822719573975,0.4246560335159302,0.02105712890625,0.042445866141732284,1.1266643982233964,1.0887004221695056,8128,345
mixtral,19,0,3,05_vs_1,shared_05_1,True,True,True,5.0428290367126465,0.4053148031234741,0.10260009765625,0.27932868062479227,1.0941324278380475,1.0733835453933225,6018,1681
mixtral,19,0,3,0_vs_05,shared_0_05,True,True,True,5.0428290367126465,0.4053148031234741,0.10260009765625,0.27932868062479227,1.0941324278380475,1.0733835453933225,6018,1681
mixtral,19,0,4,05_vs_1,routing_only,False,False,True,6.875467300415039,0.547471284866333,0.011962890625,0.02348993288590604,1.1420770694974056,1.0903581967767404,8344,196
mixtral,19,0,5,05_vs_1,hybrid_only_vs_routing,False,True,False,5.730235576629639,0.4671083092689514,0.0216064453125,0.04226865671641791,1.1380059245095324,1.0992299518679496,8375,354
mixtral,19,0,5,0_vs_05,hybrid_only_vs_hc,False,True,False,5.730235576629639,0.4671083092689514,0.0216064453125,0.04226865671641791,1.1380059245095324,1.0992299518679496,8375,354
mixtral,19,0,6,05_vs_1,routing_only,True,False,True,5.405336856842041,0.4375907778739929,0.0374755859375,0.07736895161290322,1.1116608756203805,1.0580505963645463,7936,614
mixtral,19,0,6,0_vs_05,hc_only,True,False,True,5.405336856842041,0.4375907778739929,0.0374755859375,0.07736895161290322,1.1116608756203805,1.0580505963645463,7936,614
mixtral,19,0,7,05_vs_1,hybrid_only_vs_routing,False,True,False,5.358724594116211,0.4369828701019287,0.0345458984375,0.0710074018316397,1.115250820169005,1.1207607055721351,7971,566
mixtral,19,0,7,0_vs_05,hybrid_only_vs_hc,False,True,False,5.358724594116211,0.4369828701019287,0.0345458984375,0.0710074018316397,1.115250820169005,1.1207607055721351,7971,566
mixtral,19,1,2,0_vs_05,hc_only,True,False,False,5.171558380126953,0.41451770067214966,0.0263671875,0.05956156073348959,1.0972700425382977,1.0015251444721665,7253,432
mixtral,19,1,3,05_vs_1,routing_only,True,False,True,4.943148136138916,0.3841274678707123,0.03363037109375,0.08663522012578616,1.0947536534483329,0.9855383041766075,6360,551
mixtral,19,1,3,0_vs_05,hc_only,True,False,True,4.943148136138916,0.3841274678707123,0.03363037109375,0.08663522012578616,1.0947536534483329,0.9855383041766075,6360,551
mixtral,19,1,4,05_vs_1,routing_only,False,False,True,7.392327785491943,0.5692824721336365,0.03131103515625,0.07086614173228346,1.1291905917059504,1.0449253650669001,7239,513
mixtral,19,1,6,05_vs_1,routing_only,True,False,True,5.268024921417236,0.4122329354286194,0.0291748046875,0.0656232839099396,1.1079056204052695,1.0039583216401822,7284,478
mixtral,19,1,6,0_vs_05,hc_only,True,False,True,5.268024921417236,0.4122329354286194,0.0291748046875,0.0656232839099396,1.1079056204052695,1.0039583216401822,7284,478
mixtral,19,2,3,05_vs_1,hybrid_only_vs_routing,True,True,False,4.882750511169434,0.39750516414642334,0.0335693359375,0.07707399103139013,1.1004919417770453,1.0609914681044492,7136,550
mixtral,19,2,3,0_vs_05,shared_0_05,True,True,False,4.882750511169434,0.39750516414642334,0.0335693359375,0.07707399103139013,1.1004919417770453,1.0609914681044492,7136,550
mixtral,19,2,5,05_vs_1,hybrid_only_vs_routing,False,True,False,5.239702224731445,0.432704359292984,0.0831298828125,0.18520533043241774,1.1139289123518556,1.0883041090727203,7354,1362
mixtral,19,2,5,0_vs_05,hybrid_only_vs_hc,False,True,False,5.239702224731445,0.432704359292984,0.0831298828125,0.18520533043241774,1.1139289123518556,1.0883041090727203,7354,1362
mixtral,19,2,6,0_vs_05,hc_only,True,False,False,5.401124477386475,0.4429248869419098,0.0306396484375,0.062476664592408214,1.1242574716697364,1.0766577770510517,8035,502
mixtral,19,2,7,05_vs_1,hybrid_only_vs_routing,False,True,False,5.112181663513184,0.42232897877693176,0.05224609375,0.11163275952008346,1.1091419437868122,1.0606142894547677,7668,856
mixtral,19,2,7,0_vs_05,hybrid_only_vs_hc,False,True,False,5.112181663513184,0.42232897877693176,0.05224609375,0.11163275952008346,1.1091419437868122,1.0606142894547677,7668,856
mixtral,19,3,4,05_vs_1,routing_only,False,False,True,7.177525997161865,0.5610622763633728,0.002197265625,0.004665025268886873,1.1552905648332719,1.0948072887129254,7717,36
mixtral,19,3,5,05_vs_1,hybrid_only_vs_routing,False,True,False,5.5251336097717285,0.4419533610343933,0.016357421875,0.03492311701850404,1.1328677489852608,1.0511620685235779,7674,268
mixtral,19,3,5,0_vs_05,hybrid_only_vs_hc,False,True,False,5.5251336097717285,0.4419533610343933,0.016357421875,0.03492311701850404,1.1328677489852608,1.0511620685235779,7674,268
mixtral,19,3,6,05_vs_1,routing_only,True,False,True,5.209259510040283,0.4138718843460083,0.01434326171875,0.031216790648246548,1.114996322789937,1.0341242615212785,7528,235
mixtral,19,3,6,0_vs_05,hc_only,True,False,True,5.209259510040283,0.4138718843460083,0.01434326171875,0.031216790648246548,1.114996322789937,1.0341242615212785,7528,235
mixtral,19,3,7,05_vs_1,hybrid_only_vs_routing,False,True,False,5.505727291107178,0.44055816531181335,0.00823974609375,0.01772816808929744,1.1242351108683777,1.0840497542310643,7615,135
mixtral,19,3,7,0_vs_05,hybrid_only_vs_hc,False,True,False,5.505727291107178,0.44055816531181335,0.00823974609375,0.01772816808929744,1.1242351108683777,1.0840497542310643,7615,135
mixtral,19,4,6,05_vs_1,routing_only,False,False,True,6.847001075744629,0.538986325263977,0.10711669921875,0.25624178712220763,1.1013620916570708,1.0679017932666333,6849,1755
mixtral,19,5,7,05_vs_1,hybrid_only_vs_routing,False,True,False,5.578094959259033,0.45266199111938477,0.0582275390625,0.12190135445949399,1.1195012571986545,1.082417774687773,7826,954
mixtral,19,5,7,0_vs_05,hybrid_only_vs_hc,False,True,False,5.578094959259033,0.45266199111938477,0.0582275390625,0.12190135445949399,1.1195012571986545,1.082417774687773,7826,954
mixtral,20,0,1,05_vs_1,routing_only,False,False,True,5.157411575317383,0.5287614464759827,0.0333251953125,0.06727451946771809,1.1792756837832628,1.1436130524554968,8116,546
mixtral,20,0,2,0_vs_05,hc_only,True,False,False,4.746620178222656,0.48982685804367065,0.0240478515625,0.05548514293761442,1.1711294122891198,1.134554616993454,7101,394
mixtral,20,0,3,05_vs_1,routing_only,True,False,True,4.645876884460449,0.5012752413749695,0.0318603515625,0.07898320472083523,1.175821712688412,1.1476821931385903,6609,522
mixtral,20,0,3,0_vs_05,hc_only,True,False,True,4.645876884460449,0.5012752413749695,0.0318603515625,0.07898320472083523,1.175821712688412,1.1476821931385903,6609,522
mixtral,20,0,5,05_vs_1,routing_only,False,False,True,4.924122333526611,0.4875532388687134,0.04241943359375,0.0886818935817277,1.1406738692071041,1.1056795140822158,7837,695
mixtral,20,0,6,0_vs_05,hc_only,True,False,False,4.77203893661499,0.4901862144470215,0.05389404296875,0.11784332043240357,1.1654407048629503,1.102239063885042,7493,883
mixtral,20,0,7,05_vs_1,routing_only,False,False,True,5.091134548187256,0.5250605940818787,0.02294921875,0.046615422762211756,1.1858140527832577,1.1614458843114528,8066,376
mixtral,20,1,2,05_vs_1,hybrid_only_vs_routing,False,True,False,5.020486354827881,0.5155513882637024,0.02239990234375,0.04826407154129406,1.1896268660491671,1.1312070477561016,7604,367
mixtral,20,1,2,0_vs_05,hybrid_only_vs_hc,False,True,False,5.020486354827881,0.5155513882637024,0.02239990234375,0.04826407154129406,1.1896268660491671,1.1312070477561016,7604,367
mixtral,20,1,3,05_vs_1,shared_05_1,False,True,True,5.037961959838867,0.5407973527908325,0.01348876953125,0.02992147305713512,1.1915267528055677,1.1431250450837667,7386,221
mixtral,20,1,3,0_vs_05,hybrid_only_vs_hc,False,True,True,5.037961959838867,0.5407973527908325,0.01348876953125,0.02992147305713512,1.1915267528055677,1.1431250450837667,7386,221
mixtral,20,1,4,05_vs_1,hybrid_only_vs_routing,False,True,False,4.910390377044678,0.4908524453639984,0.0374755859375,0.07181286549707602,1.1688782853689808,1.1329489385266258,8550,614
mixtral,20,1,4,0_vs_05,hybrid_only_vs_hc,False,True,False,4.910390377044678,0.4908524453639984,0.0374755859375,0.07181286549707602,1.1688782853689808,1.1329489385266258,8550,614
mixtral,20,1,5,05_vs_1,routing_only,False,False,True,5.33558988571167,0.5258112549781799,0.07568359375,0.1596292481977343,1.1363044831092277,1.0831596543712,7768,1240
mixtral,20,1,7,05_vs_1,shared_05_1,True,True,True,4.739473819732666,0.48640090227127075,0.07220458984375,0.15294117647058825,1.149359179190381,1.1035480650420524,7735,1183
mixtral,20,1,7,0_vs_05,shared_0_05,True,True,True,4.739473819732666,0.48640090227127075,0.07220458984375,0.15294117647058825,1.149359179190381,1.1035480650420524,7735,1183
mixtral,20,2,3,05_vs_1,hybrid_only_vs_routing,True,True,False,4.580685138702393,0.49507811665534973,0.02197265625,0.05921052631578947,1.1782267248944231,1.1479377087619569,6080,360
mixtral,20,2,3,0_vs_05,shared_0_05,True,True,False,4.580685138702393,0.49507811665534973,0.02197265625,0.05921052631578947,1.1782267248944231,1.1479377087619569,6080,360
mixtral,20,2,4,05_vs_1,hybrid_only_vs_routing,False,True,False,4.923396110534668,0.4952892065048218,0.0537109375,0.12364760432766615,1.1705981049960428,1.1288202364336362,7117,880
mixtral,20,2,4,0_vs_05,hybrid_only_vs_hc,False,True,False,4.923396110534668,0.4952892065048218,0.0537109375,0.12364760432766615,1.1705981049960428,1.1288202364336362,7117,880
mixtral,20,2,6,0_vs_05,hc_only,True,False,False,4.7098541259765625,0.4845784604549408,0.02813720703125,0.06381506090808417,1.1751300752624985,1.1422327203502365,7224,461
mixtral,20,2,7,05_vs_1,hybrid_only_vs_routing,False,True,False,4.90505838394165,0.5066888928413391,0.04217529296875,0.09787535410764872,1.1703411945202533,1.1356773225512415,7060,691
mixtral,20,2,7,0_vs_05,hybrid_only_vs_hc,False,True,False,4.90505838394165,0.5066888928413391,0.04217529296875,0.09787535410764872,1.1703411945202533,1.1356773225512415,7060,691
mixtral,20,3,4,05_vs_1,hybrid_only_vs_routing,False,True,False,5.139723300933838,0.5399913191795349,0.02166748046875,0.04877713657598241,1.1861473279000638,1.1684690478821875,7278,355
mixtral,20,3,4,0_vs_05,hybrid_only_vs_hc,False,True,False,5.139723300933838,0.5399913191795349,0.02166748046875,0.04877713657598241,1.1861473279000638,1.1684690478821875,7278,355
mixtral,20,3,5,05_vs_1,routing_only,False,False,True,5.240085601806641,0.5423561334609985,0.02557373046875,0.05936525928024936,1.1639056261148557,1.1332206370437914,7058,419
mixtral,20,3,6,0_vs_05,hc_only,True,False,False,4.74159574508667,0.510002613067627,0.03076171875,0.07393281502127036,1.1820229771935697,1.1054128305543036,6817,504
mixtral,20,3,7,05_vs_1,shared_05_1,False,True,True,4.720518589019775,0.5098675489425659,0.04010009765625,0.09762258543833581,1.1715931309987673,1.142326992124183,6730,657
mixtral,20,3,7,0_vs_05,hybrid_only_vs_hc,False,True,True,4.720518589019775,0.5098675489425659,0.04010009765625,0.09762258543833581,1.1715931309987673,1.142326992124183,6730,657
mixtral,20,4,7,05_vs_1,hybrid_only_vs_routing,False,True,False,5.199866771697998,0.5227929353713989,0.04791259765625,0.09621277117293786,1.169242259961949,1.132612831425515,8159,785
mixtral,20,4,7,0_vs_05,hybrid_only_vs_hc,False,True,False,5.199866771697998,0.5227929353713989,0.04791259765625,0.09621277117293786,1.169242259961949,1.132612831425515,8159,785
mixtral,20,5,7,05_vs_1,routing_only,False,False,True,5.564671993255615,0.5515108704566956,0.02044677734375,0.03963090027209275,1.1695736977922329,1.1250006652590054,8453,335
mixtral,21,0,5,0_vs_05,hc_only,True,False,False,4.679258823394775,0.42332080006599426,0.0396728515625,0.0904284919309961,1.1849972022263022,1.1263017539794629,7188,650
mixtral,21,1,2,05_vs_1,routing_only,False,False,True,4.8960394859313965,0.47060561180114746,0.0130615234375,0.027577319587628865,1.194883243079038,1.1549037934463715,7760,214
mixtral,21,1,4,05_vs_1,routing_only,False,False,True,4.914027214050293,0.46148407459259033,0.0450439453125,0.09958170287410606,1.1640892522953699,1.1245460805046525,7411,738
mixtral,21,1,5,05_vs_1,routing_only,False,False,True,5.05063009262085,0.47256189584732056,0.03802490234375,0.08676880222841225,1.1695661576677499,1.123053473989998,7180,623
mixtral,21,1,6,05_vs_1,routing_only,False,False,True,4.7082014083862305,0.4640786647796631,0.02490234375,0.05274725274725275,1.1728497619234368,1.1292275165518124,7735,408
mixtral,21,2,3,05_vs_1,hybrid_only_vs_routing,False,True,False,4.794060230255127,0.4564337134361267,0.0302734375,0.06264999368447645,1.2001177568665746,1.182773549950892,7917,496
mixtral,21,2,3,0_vs_05,hybrid_only_vs_hc,False,True,False,4.794060230255127,0.4564337134361267,0.0302734375,0.06264999368447645,1.2001177568665746,1.182773549950892,7917,496
mixtral,21,2,4,05_vs_1,shared_05_1,False,True,True,4.755286693572998,0.4453938603401184,0.02685546875,0.05570325357640207,1.2096573534698816,1.180610487406904,7899,440
mixtral,21,2,4,0_vs_05,hybrid_only_vs_hc,False,True,True,4.755286693572998,0.4453938603401184,0.02685546875,0.05570325357640207,1.2096573534698816,1.180610487406904,7899,440
mixtral,21,2,5,05_vs_1,routing_only,False,False,True,4.692572116851807,0.4379017651081085,0.077880859375,0.1899657585231502,1.1835195408773258,1.1147623321385967,6717,1276
mixtral,21,2,6,05_vs_1,shared_05_1,True,True,True,4.704596519470215,0.4624345600605011,0.05615234375,0.12410629974369351,1.1920409259824445,1.1528710095778756,7413,920
mixtral,21,2,6,0_vs_05,shared_0_05,True,True,True,4.704596519470215,0.4624345600605011,0.05615234375,0.12410629974369351,1.1920409259824445,1.1528710095778756,7413,920
mixtral,21,2,7,05_vs_1,hybrid_only_vs_routing,True,True,False,4.736605167388916,0.46256962418556213,0.0213623046875,0.044591667728373044,1.2140535997849298,1.199630561215537,7849,350
mixtral,21,2,7,0_vs_05,shared_0_05,True,True,False,4.736605167388916,0.46256962418556213,0.0213623046875,0.044591667728373044,1.2140535997849298,1.199630561215537,7849,350
mixtral,21,3,4,05_vs_1,hybrid_only_vs_routing,True,True,False,4.744645118713379,0.44144803285598755,0.04156494140625,0.08612621727583154,1.1801762665902618,1.1536500537973144,7907,681
mixtral,21,3,4,0_vs_05,shared_0_05,True,True,False,4.744645118713379,0.44144803285598755,0.04156494140625,0.08612621727583154,1.1801762665902618,1.1536500537973144,7907,681
mixtral,21,3,6,05_vs_1,hybrid_only_vs_routing,False,True,False,4.76500940322876,0.46511197090148926,0.039794921875,0.08221941992433796,1.178965248887205,1.1316218308510224,7930,652
mixtral,21,3,6,0_vs_05,hybrid_only_vs_hc,False,True,False,4.76500940322876,0.46511197090148926,0.039794921875,0.08221941992433796,1.178965248887205,1.1316218308510224,7930,652
mixtral,21,3,7,05_vs_1,hybrid_only_vs_routing,False,True,False,4.752164363861084,0.460878849029541,0.06048583984375,0.13289526619283895,1.18986156873382,1.1541800353409184,7457,991
mixtral,21,3,7,0_vs_05,hybrid_only_vs_hc,False,True,False,4.752164363861084,0.460878849029541,0.06048583984375,0.13289526619283895,1.18986156873382,1.1541800353409184,7457,991
mixtral,21,4,5,05_vs_1,routing_only,False,False,True,4.668691158294678,0.42595016956329346,0.02178955078125,0.04570477531686084,1.197522672399976,1.1605217824129164,7811,357
mixtral,21,4,6,05_vs_1,shared_05_1,False,True,True,5.027676582336426,0.4825880527496338,0.05853271484375,0.12703669360180156,1.1740630376353172,1.1558549530936233,7549,959
mixtral,21,4,6,0_vs_05,hybrid_only_vs_hc,False,True,True,5.027676582336426,0.4825880527496338,0.05853271484375,0.12703669360180156,1.1740630376353172,1.1558549530936233,7549,959
mixtral,21,4,7,05_vs_1,hybrid_only_vs_routing,False,True,False,4.630864143371582,0.4416917562484741,0.03546142578125,0.07455408700115489,1.1875649384535676,1.1806443529572217,7793,581
mixtral,21,4,7,0_vs_05,hybrid_only_vs_hc,False,True,False,4.630864143371582,0.4416917562484741,0.03546142578125,0.07455408700115489,1.1875649384535676,1.1806443529572217,7793,581
mixtral,21,5,6,05_vs_1,routing_only,False,False,True,5.2813005447387695,0.5050200819969177,0.01531982421875,0.031727973707495895,1.202387887749535,1.1684101131332822,7911,251
mixtral,21,6,7,05_vs_1,hybrid_only_vs_routing,True,True,False,4.634123802185059,0.46427905559539795,0.0384521484375,0.08141638666322047,1.188454392098678,1.14806171674577,7738,630
mixtral,21,6,7,0_vs_05,shared_0_05,True,True,False,4.634123802185059,0.46427905559539795,0.0384521484375,0.08141638666322047,1.188454392098678,1.14806171674577,7738,630
mixtral,22,0,1,05_vs_1,hybrid_only_vs_routing,False,True,False,4.406684398651123,0.4840783178806305,0.05596923828125,0.11570977917981072,1.2353193854683957,1.2066521045295857,7925,917
mixtral,22,0,1,0_vs_05,hybrid_only_vs_hc,False,True,False,4.406684398651123,0.4840783178806305,0.05596923828125,0.11570977917981072,1.2353193854683957,1.2066521045295857,7925,917
mixtral,22,0,3,05_vs_1,shared_05_1,True,True,True,4.6468024253845215,0.5058115720748901,0.03424072265625,0.07334292064322133,1.2563463072166487,1.2019057868848722,7649,561
mixtral,22,0,3,0_vs_05,shared_0_05,True,True,True,4.6468024253845215,0.5058115720748901,0.03424072265625,0.07334292064322133,1.2563463072166487,1.2019057868848722,7649,561
mixtral,22,0,4,05_vs_1,shared_05_1,True,True,True,4.795114994049072,0.5155723094940186,0.0244140625,0.048320850446967864,1.2564994298654295,1.2300759357213975,8278,400
mixtral,22,0,4,0_vs_05,shared_0_05,True,True,True,4.795114994049072,0.5155723094940186,0.0244140625,0.048320850446967864,1.2564994298654295,1.2300759357213975,8278,400
mixtral,22,0,5,05_vs_1,routing_only,False,False,True,4.563648700714111,0.478243350982666,0.0528564453125,0.11636656812684762,1.2206772427762653,1.1695289854089328,7442,866
mixtral,22,0,6,05_vs_1,shared_05_1,True,True,True,4.642455577850342,0.5104045271873474,0.0379638671875,0.0792255763596994,1.2467078324442926,1.2098074825630312,7851,622
mixtral,22,0,6,0_vs_05,shared_0_05,True,True,True,4.642455577850342,0.5104045271873474,0.0379638671875,0.0792255763596994,1.2467078324442926,1.2098074825630312,7851,622
mixtral,22,1,2,0_vs_05,hc_only,True,False,False,4.508091926574707,0.5052871108055115,0.03656005859375,0.08242741158662446,1.2628711255820135,1.2350480399267105,7267,599
mixtral,22,1,3,05_vs_1,hybrid_only_vs_routing,False,True,False,4.818207740783691,0.5241287350654602,0.02154541015625,0.04481401548813,1.2707502029262037,1.2439347701437413,7877,353
mixtral,22,1,3,0_vs_05,hybrid_only_vs_hc,False,True,False,4.818207740783691,0.5241287350654602,0.02154541015625,0.04481401548813,1.2707502029262037,1.2439347701437413,7877,353
mixtral,22,1,4,05_vs_1,hybrid_only_vs_routing,False,True,False,4.839460849761963,0.5200065970420837,0.033447265625,0.06723926380368098,1.2623190962902608,1.2269062493404332,8150,548
mixtral,22,1,4,0_vs_05,hybrid_only_vs_hc,False,True,False,4.839460849761963,0.5200065970420837,0.033447265625,0.06723926380368098,1.2623190962902608,1.2269062493404332,8150,548
mixtral,22,1,6,05_vs_1,hybrid_only_vs_routing,False,True,False,4.802504539489746,0.5276544690132141,0.034912109375,0.07221310440600934,1.2553350942000312,1.1979955590063043,7921,572
mixtral,22,1,6,0_vs_05,hybrid_only_vs_hc,False,True,False,4.802504539489746,0.5276544690132141,0.034912109375,0.07221310440600934,1.2553350942000312,1.1979955590063043,7921,572
mixtral,22,3,4,05_vs_1,shared_05_1,True,True,True,4.724791049957275,0.5031664967536926,0.056396484375,0.12937552506300756,1.2586102569780908,1.1959322276827578,7142,924
mixtral,22,3,4,0_vs_05,shared_0_05,True,True,True,4.724791049957275,0.5031664967536926,0.056396484375,0.12937552506300756,1.2586102569780908,1.1959322276827578,7142,924
mixtral,22,3,5,05_vs_1,routing_only,False,False,True,5.281894207000732,0.5483653545379639,0.00933837890625,0.020283706747978258,1.2718923053642839,1.26161304720087,7543,153
mixtral,22,3,6,05_vs_1,shared_05_1,True,True,True,4.745857238769531,0.5166860222816467,0.0758056640625,0.1876416377096238,1.2506453627491128,1.1917731721620053,6619,1242
mixtral,22,3,6,0_vs_05,shared_0_05,True,True,True,4.745857238769531,0.5166860222816467,0.0758056640625,0.1876416377096238,1.2506453627491128,1.1917731721620053,6619,1242
mixtral,22,4,5,05_vs_1,routing_only,False,False,True,5.1725640296936035,0.5307472348213196,0.04180908203125,0.09158978473057895,1.2490319717311336,1.2227388214890975,7479,685
mixtral,22,4,6,05_vs_1,shared_05_1,True,True,True,4.94003438949585,0.5312476754188538,0.03143310546875,0.0659073457896084,1.2559969784629477,1.2312383401741103,7814,515
mixtral,22,4,6,0_vs_05,shared_0_05,True,True,True,4.94003438949585,0.5312476754188538,0.03143310546875,0.0659073457896084,1.2559969784629477,1.2312383401741103,7814,515
mixtral,22,5,6,05_vs_1,routing_only,False,False,True,5.276158809661865,0.5530050992965698,0.01983642578125,0.042572701074141996,1.254925013025737,1.2045880361703727,7634,325
mixtral,23,0,1,0_vs_05,hc_only,True,False,False,5.305404186248779,0.5438017249107361,0.02264404296875,0.046467935871743485,1.2771485621083476,1.2486946483185348,7984,371
mixtral,23,0,2,0_vs_05,hc_only,True,False,False,5.423365116119385,0.5369657278060913,0.0408935546875,0.07845433255269321,1.2618727976600237,1.2579339479332539,8540,670
mixtral,23,0,4,0_vs_05,hc_only,True,False,False,5.009959697723389,0.49016889929771423,0.06134033203125,0.130248833592535,1.23866967180963,1.1735317316814442,7716,1005
mixtral,23,0,5,0_vs_05,hc_only,True,False,False,5.082691192626953,0.5057592988014221,0.03375244140625,0.065343258891646,1.2485091123656433,1.2415424619833342,8463,553
mixtral,23,1,2,05_vs_1,shared_05_1,True,True,True,5.119602203369141,0.5220354199409485,0.03900146484375,0.08115316230632462,1.257896130236993,1.204084383676496,7874,639
mixtral,23,1,2,0_vs_05,shared_0_05,True,True,True,5.119602203369141,0.5220354199409485,0.03900146484375,0.08115316230632462,1.257896130236993,1.204084383676496,7874,639
mixtral,23,1,3,05_vs_1,hybrid_only_vs_routing,False,True,False,5.297098159790039,0.5616027116775513,0.02288818359375,0.05633168093735917,1.2557182034089505,1.2431500625610352,6657,375
mixtral,23,1,3,0_vs_05,hybrid_only_vs_hc,False,True,False,5.297098159790039,0.5616027116775513,0.02288818359375,0.05633168093735917,1.2557182034089505,1.2431500625610352,6657,375
mixtral,23,1,4,0_vs_05,hc_only,True,False,False,5.255939960479736,0.5294129848480225,0.01104736328125,0.02307790386331761,1.273087356219133,1.2820238342601291,7843,181
mixtral,23,1,5,05_vs_1,shared_05_1,True,True,True,4.8694562911987305,0.49909335374832153,0.0242919921875,0.05024618103774776,1.2331685703250137,1.2145389372379936,7921,398
mixtral,23,1,5,0_vs_05,shared_0_05,True,True,True,4.8694562911987305,0.49909335374832153,0.0242919921875,0.05024618103774776,1.2331685703250137,1.2145389372379936,7921,398
mixtral,23,1,6,05_vs_1,shared_05_1,False,True,True,5.3532867431640625,0.5509244203567505,0.094970703125,0.25420682894951807,1.2359128508609099,1.1749408062748554,6121,1556
mixtral,23,1,6,0_vs_05,hybrid_only_vs_hc,False,True,True,5.3532867431640625,0.5509244203567505,0.094970703125,0.25420682894951807,1.2359128508609099,1.1749408062748554,6121,1556
mixtral,23,1,7,05_vs_1,routing_only,False,False,True,5.390928268432617,0.5393208861351013,0.01885986328125,0.04112871023559164,1.2584192876918614,1.2470490349920822,7513,309
mixtral,23,2,3,05_vs_1,hybrid_only_vs_routing,False,True,False,5.938579082489014,0.6074655652046204,0.0198974609375,0.043115989948419524,1.2636858855995328,1.2299010512287631,7561,326
mixtral,23,2,3,0_vs_05,hybrid_only_vs_hc,False,True,False,5.938579082489014,0.6074655652046204,0.0198974609375,0.043115989948419524,1.2636858855995328,1.2299010512287631,7561,326
mixtral,23,2,4,0_vs_05,hc_only,True,False,False,5.098552703857422,0.4963665306568146,0.04974365234375,0.10106646825396826,1.2379865911271837,1.2199645530958116,8064,815
mixtral,23,2,5,05_vs_1,shared_05_1,True,True,True,4.990180969238281,0.4940534234046936,0.05902099609375,0.11782624588765687,1.2371549168239635,1.1776046384330126,8207,967
mixtral,23,2,5,0_vs_05,shared_0_05,True,True,True,4.990180969238281,0.4940534234046936,0.05902099609375,0.11782624588765687,1.2371549168239635,1.1776046384330126,8207,967
mixtral,23,2,6,05_vs_1,shared_05_1,False,True,True,6.278118133544922,0.6240176558494568,0.0194091796875,0.03871439006574142,1.268377984908192,1.2563375660083578,8214,318
mixtral,23,2,6,0_vs_05,hybrid_only_vs_hc,False,True,True,6.278118133544922,0.6240176558494568,0.0194091796875,0.03871439006574142,1.268377984908192,1.2563375660083578,8214,318
mixtral,23,2,7,05_vs_1,routing_only,False,False,True,5.166398525238037,0.49966827034950256,0.05792236328125,0.12280020703933747,1.2317373545273491,1.1851942127195625,7728,949
mixtral,23,3,5,05_vs_1,hybrid_only_vs_routing,False,True,False,5.5543532371521,0.5711066722869873,0.0426025390625,0.0997855611150822,1.2385497220675379,1.186129600065827,6995,698
mixtral,23,3,5,0_vs_05,hybrid_only_vs_hc,False,True,False,5.5543532371521,0.5711066722869873,0.0426025390625,0.0997855611150822,1.2385497220675379,1.186129600065827,6995,698
mixtral,23,3,6,05_vs_1,hybrid_only_vs_routing,False,True,False,5.147225856781006,0.5314137935638428,0.024658203125,0.060779298931848955,1.2510164615819916,1.2155537083007322,6647,404
mixtral,23,3,6,0_vs_05,hybrid_only_vs_hc,False,True,False,5.147225856781006,0.5314137935638428,0.024658203125,0.060779298931848955,1.2510164615819916,1.2155537083007322,6647,404
mixtral,23,4,5,0_vs_05,hc_only,True,False,False,4.827545166015625,0.47230008244514465,0.0355224609375,0.07182524990744169,1.2267450320636815,1.2202430101194741,8103,582
mixtral,23,5,6,05_vs_1,shared_05_1,False,True,True,5.635168552398682,0.5629311203956604,0.04913330078125,0.10686313553697066,1.23356992999317,1.179613052836116,7533,805
mixtral,23,5,6,0_vs_05,hybrid_only_vs_hc,False,True,True,5.635168552398682,0.5629311203956604,0.04913330078125,0.10686313553697066,1.23356992999317,1.179613052836116,7533,805
mixtral,23,5,7,05_vs_1,routing_only,False,False,True,5.123515605926514,0.49794796109199524,0.02972412109375,0.060905452726363184,1.224609084460901,1.2088941410336895,7996,487
mixtral,23,6,7,05_vs_1,routing_only,False,False,True,6.63723087310791,0.6475617289543152,0.00830078125,0.01765087605451006,1.2764247862106017,1.239487461745739,7705,136
mixtral,24,0,2,05_vs_1,shared_05_1,True,True,True,4.917950630187988,0.4484063982963562,0.05548095703125,0.122920892494929,1.244440962641202,1.2035393627038753,7395,909
mixtral,24,0,2,0_vs_05,shared_0_05,True,True,True,4.917950630187988,0.4484063982963562,0.05548095703125,0.122920892494929,1.244440962641202,1.2035393627038753,7395,909
mixtral,24,0,3,05_vs_1,shared_05_1,True,True,True,5.0421013832092285,0.45603060722351074,0.04461669921875,0.10367323783860445,1.2496042225888697,1.2013815599003177,7051,731
mixtral,24,0,3,0_vs_05,shared_0_05,True,True,True,5.0421013832092285,0.45603060722351074,0.04461669921875,0.10367323783860445,1.2496042225888697,1.2013815599003177,7051,731
mixtral,24,0,4,05_vs_1,hybrid_only_vs_routing,False,True,False,5.275508880615234,0.47608625888824463,0.028564453125,0.06273458445040214,1.2621352443746203,1.2542502289144402,7460,468
mixtral,24,0,4,0_vs_05,hybrid_only_vs_hc,False,True,False,5.275508880615234,0.47608625888824463,0.028564453125,0.06273458445040214,1.2621352443746203,1.2542502289144402,7460,468
mixtral,24,0,5,05_vs_1,routing_only,False,False,True,5.444283485412598,0.505301296710968,0.02593994140625,0.05159019179412479,1.27887604785909,1.2810030168645523,8238,425
mixtral,24,0,6,05_vs_1,routing_only,False,False,True,5.524428367614746,0.5103238821029663,0.01611328125,0.03488372093023256,1.2800931262667536,1.2745747191436363,7568,264
mixtral,24,0,7,05_vs_1,hybrid_only_vs_routing,True,True,False,5.119246482849121,0.4614935517311096,0.04095458984375,0.09242424242424242,1.2464564872510506,1.2162208655729734,7260,671
mixtral,24,0,7,0_vs_05,shared_0_05,True,True,False,5.119246482849121,0.4614935517311096,0.04095458984375,0.09242424242424242,1.2464564872510506,1.2162208655729734,7260,671
mixtral,24,1,4,0_vs_05,hc_only,True,False,False,5.029087066650391,0.4592666029930115,0.04510498046875,0.10083231000136444,1.2561595056372201,1.228854531848221,7329,739
mixtral,24,2,3,05_vs_1,shared_05_1,True,True,True,4.683425426483154,0.42605161666870117,0.0341796875,0.07349081364829396,1.2332896285169705,1.1931327736803463,7620,560
mixtral,24,2,3,0_vs_05,shared_0_05,True,True,True,4.683425426483154,0.42605161666870117,0.0341796875,0.07349081364829396,1.2332896285169705,1.1931327736803463,7620,560
mixtral,24,2,4,05_vs_1,hybrid_only_vs_routing,False,True,False,4.884774208068848,0.44338029623031616,0.0296630859375,0.06198979591836735,1.2398622201413525,1.2333661509148868,7840,486
mixtral,24,2,4,0_vs_05,hybrid_only_vs_hc,False,True,False,4.884774208068848,0.44338029623031616,0.0296630859375,0.06198979591836735,1.2398622201413525,1.2333661509148868,7840,486
mixtral,24,2,5,05_vs_1,routing_only,False,False,True,5.232923984527588,0.4885807931423187,0.02789306640625,0.05311483031148303,1.2629517320697665,1.2604045364475875,8604,457
mixtral,24,2,6,05_vs_1,routing_only,False,False,True,4.92833948135376,0.4579617977142334,0.02294921875,0.04787369493251846,1.2557701342033618,1.2339428339866882,7854,376
mixtral,24,2,7,05_vs_1,hybrid_only_vs_routing,True,True,False,4.86285400390625,0.4409189522266388,0.04278564453125,0.09189826953329837,1.2321349295509632,1.1936405915846668,7628,701
mixtral,24,2,7,0_vs_05,shared_0_05,True,True,False,4.86285400390625,0.4409189522266388,0.04278564453125,0.09189826953329837,1.2321349295509632,1.1936405915846668,7628,701
mixtral,24,3,4,05_vs_1,hybrid_only_vs_routing,False,True,False,4.94541072845459,0.4452918469905853,0.017822265625,0.03887113951011715,1.2521723634518755,1.2262236316726631,7512,292
mixtral,24,3,4,0_vs_05,hybrid_only_vs_hc,False,True,False,4.94541072845459,0.4452918469905853,0.017822265625,0.03887113951011715,1.2521723634518755,1.2262236316726631,7512,292
mixtral,24,3,5,05_vs_1,routing_only,False,False,True,5.035242080688477,0.46625471115112305,0.0684814453125,0.1512741000404476,1.2594916940426528,1.2139765260053828,7417,1122
mixtral,24,3,6,05_vs_1,routing_only,False,False,True,4.983940124511719,0.45933476090431213,0.0213623046875,0.04756727371568361,1.2618567349308696,1.2470590117999485,7358,350
mixtral,24,3,7,05_vs_1,hybrid_only_vs_routing,True,True,False,4.840925216674805,0.4354216754436493,0.03289794921875,0.07416070445789763,1.238775598392686,1.1970425461572707,7268,539
mixtral,24,3,7,0_vs_05,shared_0_05,True,True,False,4.840925216674805,0.4354216754436493,0.03289794921875,0.07416070445789763,1.238775598392686,1.1970425461572707,7268,539
mixtral,24,4,7,05_vs_1,hybrid_only_vs_routing,False,True,False,4.884246349334717,0.43835243582725525,0.05963134765625,0.14005160550458715,1.2406554927519702,1.1928170483822467,6976,977
mixtral,24,4,7,0_vs_05,hybrid_only_vs_hc,False,True,False,4.884246349334717,0.43835243582725525,0.05963134765625,0.14005160550458715,1.2406554927519702,1.1928170483822467,6976,977
mixtral,24,5,6,05_vs_1,routing_only,False,False,True,5.059914588928223,0.4787878692150116,0.08111572265625,0.18305785123966942,1.2687852265749424,1.2240552873518165,7260,1329
mixtral,25,0,3,05_vs_1,routing_only,False,False,True,5.821420192718506,0.4699961245059967,0.02703857421875,0.057331435227125666,1.264844531798187,1.2608403013199232,7727,443
mixtral,25,0,4,05_vs_1,routing_only,False,False,True,6.2729597091674805,0.500477135181427,0.04248046875,0.08911651728553137,1.2655378861860795,1.2316025140984306,7810,696
mixtral,25,0,5,05_vs_1,shared_05_1,False,True,True,5.770105361938477,0.44913896918296814,0.09136962890625,0.2009665726943214,1.2457052546549938,1.2020985000358078,7449,1497
mixtral,25,0,5,0_vs_05,hybrid_only_vs_hc,False,True,True,5.770105361938477,0.44913896918296814,0.09136962890625,0.2009665726943214,1.2457052546549938,1.2020985000358078,7449,1497
mixtral,25,0,7,05_vs_1,routing_only,False,False,True,5.823028087615967,0.45902517437934875,0.01861572265625,0.03606479839186473,1.257127326784002,1.252674973597292,8457,305
mixtral,25,2,3,05_vs_1,hybrid_only_vs_routing,True,True,False,4.785851001739502,0.40735507011413574,0.03875732421875,0.0888236116939432,1.2471162201324733,1.2274271443134217,7149,635
mixtral,25,2,3,0_vs_05,shared_0_05,True,True,False,4.785851001739502,0.40735507011413574,0.03875732421875,0.0888236116939432,1.2471162201324733,1.2274271443134217,7149,635
mixtral,25,2,5,0_vs_05,hc_only,True,False,False,5.269545078277588,0.4315926432609558,0.0328369140625,0.06706556968337073,1.2442381827202975,1.235657071092315,8022,538
mixtral,25,2,6,05_vs_1,hybrid_only_vs_routing,True,True,False,4.920377731323242,0.41765135526657104,0.03338623046875,0.08231753197893153,1.2511533216213804,1.226319294525021,6645,547
mixtral,25,2,6,0_vs_05,shared_0_05,True,True,False,4.920377731323242,0.41765135526657104,0.03338623046875,0.08231753197893153,1.2511533216213804,1.226319294525021,6645,547
mixtral,25,2,7,0_vs_05,hc_only,True,False,False,5.23061466217041,0.4341430366039276,0.02734375,0.056508577194752774,1.2528046377973046,1.2232219353318214,7928,448
mixtral,25,3,4,05_vs_1,routing_only,False,False,True,5.53360652923584,0.4677767753601074,0.03460693359375,0.07636363636363637,1.2613135079021005,1.2289828144053303,7425,567
mixtral,25,3,5,05_vs_1,routing_only,True,False,True,5.385265350341797,0.4434994161128998,0.0418701171875,0.08856183836819004,1.243142379890755,1.2210190994746484,7746,686
mixtral,25,3,5,0_vs_05,hc_only,True,False,True,5.385265350341797,0.4434994161128998,0.0418701171875,0.08856183836819004,1.243142379890755,1.2210190994746484,7746,686
mixtral,25,3,6,05_vs_1,hybrid_only_vs_routing,True,True,False,5.232916355133057,0.44671571254730225,0.02703857421875,0.06690832200573932,1.259662908759475,1.2273734764912865,6621,443
mixtral,25,3,6,0_vs_05,shared_0_05,True,True,False,5.232916355133057,0.44671571254730225,0.02703857421875,0.06690832200573932,1.259662908759475,1.2273734764912865,6621,443
mixtral,25,3,7,05_vs_1,routing_only,True,False,True,5.171469211578369,0.431629478931427,0.02490234375,0.05204081632653061,1.2542069532433335,1.2527476645567839,7840,408
mixtral,25,3,7,0_vs_05,hc_only,True,False,True,5.171469211578369,0.431629478931427,0.02490234375,0.05204081632653061,1.2542069532433335,1.2527476645567839,7840,408
mixtral,25,4,5,05_vs_1,routing_only,False,False,True,6.200492858886719,0.5044938325881958,0.01190185546875,0.022745829931179285,1.2665645693253154,1.2835618098576864,8573,195
mixtral,25,4,7,05_vs_1,shared_05_1,False,True,True,5.50540828704834,0.4538998603820801,0.10211181640625,0.24207784691072204,1.244781987330034,1.1869663871553082,6911,1673
mixtral,25,4,7,0_vs_05,hybrid_only_vs_hc,False,True,True,5.50540828704834,0.4538998603820801,0.10211181640625,0.24207784691072204,1.244781987330034,1.1869663871553082,6911,1673
mixtral,25,5,6,0_vs_05,hc_only,True,False,False,5.563242435455322,0.4569348394870758,0.01385498046875,0.029817417575200317,1.2603062993356156,1.2196335036323984,7613,227
mixtral,25,5,7,05_vs_1,routing_only,True,False,True,5.351095199584961,0.43007612228393555,0.04876708984375,0.09714285714285714,1.2338669203552433,1.2089212804622436,8225,799
mixtral,25,5,7,0_vs_05,hc_only,True,False,True,5.351095199584961,0.43007612228393555,0.04876708984375,0.09714285714285714,1.2338669203552433,1.2089212804622436,8225,799
mixtral,25,6,7,0_vs_05,hc_only,True,False,False,5.317845821380615,0.4426470994949341,0.0181884765625,0.04050013590649633,1.2556646056199858,1.2360596744806174,7358,298
mixtral,26,0,1,05_vs_1,routing_only,False,False,True,6.226245880126953,0.3995726704597473,0.02215576171875,0.04812408855892881,1.2463008967094518,1.2164629848863797,7543,363
mixtral,26,0,2,05_vs_1,hybrid_only_vs_routing,True,True,False,5.284142971038818,0.3348509967327118,0.02386474609375,0.05084525357607282,1.2342395142553997,1.2378376127813784,7690,391
mixtral,26,0,2,0_vs_05,shared_0_05,True,True,False,5.284142971038818,0.3348509967327118,0.02386474609375,0.05084525357607282,1.2342395142553997,1.2378376127813784,7690,391
mixtral,26,0,3,05_vs_1,hybrid_only_vs_routing,True,True,False,5.920809268951416,0.37274637818336487,0.03192138671875,0.0718209283163966,1.2257636331392165,1.210706563114436,7282,523
mixtral,26,0,3,0_vs_05,shared_0_05,True,True,False,5.920809268951416,0.37274637818336487,0.03192138671875,0.0718209283163966,1.2257636331392165,1.210706563114436,7282,523
mixtral,26,0,4,05_vs_1,routing_only,False,False,True,6.4355597496032715,0.38873571157455444,0.05096435546875,0.11725881196461171,1.2340997536017342,1.1981086531085168,7121,835
mixtral,26,0,5,05_vs_1,hybrid_only_vs_routing,True,True,False,5.377849578857422,0.33994320034980774,0.03759765625,0.07623762376237624,1.2293239300793941,1.238480333964546,8080,616
mixtral,26,0,5,0_vs_05,shared_0_05,True,True,False,5.377849578857422,0.33994320034980774,0.03759765625,0.07623762376237624,1.2293239300793941,1.238480333964546,8080,616
mixtral,26,0,6,05_vs_1,routing_only,False,False,True,5.343716621398926,0.35194963216781616,0.010986328125,0.02512913583693983,1.2587717879871974,1.2608261929617988,7163,180
mixtral,26,0,7,05_vs_1,shared_05_1,True,True,True,5.384544372558594,0.3351803719997406,0.05487060546875,0.12983824378971692,1.2105727253588274,1.1582199321838056,6924,899
mixtral,26,0,7,0_vs_05,shared_0_05,True,True,True,5.384544372558594,0.3351803719997406,0.05487060546875,0.12983824378971692,1.2105727253588274,1.1582199321838056,6924,899
mixtral,26,1,4,05_vs_1,routing_only,False,False,True,7.269656658172607,0.4336077868938446,0.044677734375,0.09739222990952634,1.2277845303513637,1.1804687683699562,7516,732
mixtral,26,1,6,05_vs_1,routing_only,False,False,True,6.122615814208984,0.39773786067962646,0.10638427734375,0.29582484725050917,1.2268147478278446,1.1637185554154221,5892,1743
mixtral,26,1,7,05_vs_1,routing_only,False,False,True,6.6639790534973145,0.4094604253768921,0.0198974609375,0.04185389652073437,1.2336344349780703,1.2093387630088197,7789,326
mixtral,26,2,3,05_vs_1,hybrid_only_vs_routing,True,True,False,5.539170265197754,0.3399721384048462,0.05218505859375,0.11527571794526088,1.2174865215538615,1.1799173611646507,7417,855
mixtral,26,2,3,0_vs_05,shared_0_05,True,True,False,5.539170265197754,0.3399721384048462,0.05218505859375,0.11527571794526088,1.2174865215538615,1.1799173611646507,7417,855
mixtral,26,2,5,05_vs_1,hybrid_only_vs_routing,True,True,False,5.410210132598877,0.3333755135536194,0.06646728515625,0.13487738419618528,1.2205429507093262,1.196304676399196,8074,1089
mixtral,26,2,5,0_vs_05,shared_0_05,True,True,False,5.410210132598877,0.3333755135536194,0.06646728515625,0.13487738419618528,1.2205429507093262,1.196304676399196,8074,1089
mixtral,26,2,7,05_vs_1,hybrid_only_vs_routing,True,True,False,5.32749605178833,0.32340100407600403,0.04046630859375,0.0869280188802937,1.2079298290244183,1.1484115708108042,7627,663
mixtral,26,2,7,0_vs_05,shared_0_05,True,True,False,5.32749605178833,0.32340100407600403,0.04046630859375,0.0869280188802937,1.2079298290244183,1.1484115708108042,7627,663
mixtral,26,3,5,05_vs_1,hybrid_only_vs_routing,True,True,False,5.471854209899902,0.335033118724823,0.08740234375,0.1920858484238766,1.2123043323826421,1.1752922291862231,7455,1432
mixtral,26,3,5,0_vs_05,shared_0_05,True,True,False,5.471854209899902,0.335033118724823,0.08740234375,0.1920858484238766,1.2123043323826421,1.1752922291862231,7455,1432
mixtral,26,3,7,05_vs_1,hybrid_only_vs_routing,True,True,False,5.683572769165039,0.3428579270839691,0.0347900390625,0.07657173562600753,1.2011534815382918,1.1777630159729406,7444,570
mixtral,26,3,7,0_vs_05,shared_0_05,True,True,False,5.683572769165039,0.3428579270839691,0.0347900390625,0.07657173562600753,1.2011534815382918,1.1777630159729406,7444,570
mixtral,26,4,6,05_vs_1,routing_only,False,False,True,6.540215015411377,0.3996114432811737,0.05804443359375,0.14122364122364123,1.2209850525976396,1.1360877149363295,6734,951
mixtral,26,4,7,05_vs_1,routing_only,False,False,True,6.67819356918335,0.38718950748443604,0.0272216796875,0.05777950511724317,1.2225261579015154,1.1854967742222842,7719,446
mixtral,26,5,7,05_vs_1,hybrid_only_vs_routing,True,True,False,5.540707588195801,0.33554399013519287,0.060302734375,0.12479474548440066,1.2127151995185832,1.1672928589075684,7917,988
mixtral,26,5,7,0_vs_05,shared_0_05,True,True,False,5.540707588195801,0.33554399013519287,0.060302734375,0.12479474548440066,1.2127151995185832,1.1672928589075684,7917,988
mixtral,26,6,7,05_vs_1,routing_only,False,False,True,6.424657344818115,0.404678612947464,0.007568359375,0.01669359181475498,1.2546260132222131,1.2251825717187697,7428,124
mixtral,27,0,3,05_vs_1,shared_05_1,True,True,True,6.158155918121338,0.19531528651714325,0.07537841796875,0.18356123662306778,1.043147624602074,0.9814577883071745,6728,1235
mixtral,27,0,3,0_vs_05,shared_0_05,True,True,True,6.158155918121338,0.19531528651714325,0.07537841796875,0.18356123662306778,1.043147624602074,0.9814577883071745,6728,1235
mixtral,27,0,4,05_vs_1,shared_05_1,True,True,True,6.913719654083252,0.21533487737178802,0.030029296875,0.06397087504875829,1.0455360868913022,1.0317449006365567,7691,492
mixtral,27,0,4,0_vs_05,shared_0_05,True,True,True,6.913719654083252,0.21533487737178802,0.030029296875,0.06397087504875829,1.0455360868913022,1.0317449006365567,7691,492
mixtral,27,0,5,05_vs_1,shared_05_1,False,True,True,7.2875213623046875,0.2203509360551834,0.0328369140625,0.06560175588342886,1.0126198321024886,1.0602231252813872,8201,538
mixtral,27,0,5,0_vs_05,hybrid_only_vs_hc,False,True,True,7.2875213623046875,0.2203509360551834,0.0328369140625,0.06560175588342886,1.0126198321024886,1.0602231252813872,8201,538
mixtral,27,0,6,05_vs_1,shared_05_1,True,True,True,6.1439127922058105,0.19378875195980072,0.02117919921875,0.04380760005049868,1.0258303043773387,1.036304219483642,7921,347
mixtral,27,0,6,0_vs_05,shared_0_05,True,True,True,6.1439127922058105,0.19378875195980072,0.02117919921875,0.04380760005049868,1.0258303043773387,1.036304219483642,7921,347
mixtral,27,0,7,0_vs_05,hc_only,True,False,False,6.496583938598633,0.2017727792263031,0.01898193359375,0.03932229106081679,1.0303336937036538,1.071998484648309,7909,311
mixtral,27,3,4,05_vs_1,shared_05_1,True,True,True,6.39809513092041,0.20168407261371613,0.0662841796875,0.157254561251086,1.063935019401685,1.046332946359343,6906,1086
mixtral,27,3,4,0_vs_05,shared_0_05,True,True,True,6.39809513092041,0.20168407261371613,0.0662841796875,0.157254561251086,1.063935019401685,1.046332946359343,6906,1086
mixtral,27,3,5,05_vs_1,shared_05_1,False,True,True,7.547658920288086,0.23089385032653809,0.0225830078125,0.04524333577891905,1.0357301492334199,1.1165721582399832,8178,370
mixtral,27,3,5,0_vs_05,hybrid_only_vs_hc,False,True,True,7.547658920288086,0.23089385032653809,0.0225830078125,0.04524333577891905,1.0357301492334199,1.1165721582399832,8178,370
mixtral,27,3,6,05_vs_1,shared_05_1,True,True,True,5.939447402954102,0.18963326513767242,0.024169921875,0.051555787006900146,1.0466878007219074,1.1067173053519894,7681,396
mixtral,27,3,6,0_vs_05,shared_0_05,True,True,True,5.939447402954102,0.18963326513767242,0.024169921875,0.051555787006900146,1.0466878007219074,1.1067173053519894,7681,396
mixtral,27,3,7,0_vs_05,hc_only,True,False,False,6.921350955963135,0.2175564020872116,0.01971435546875,0.041915390604723594,1.0549985411381864,1.096478104037766,7706,323
mixtral,27,4,5,05_vs_1,shared_05_1,False,True,True,7.4269866943359375,0.22325800359249115,0.04864501953125,0.09998745452264458,1.036753327017102,1.0589683688569398,7971,797
mixtral,27,4,5,0_vs_05,hybrid_only_vs_hc,False,True,True,7.4269866943359375,0.22325800359249115,0.04864501953125,0.09998745452264458,1.036753327017102,1.0589683688569398,7971,797
mixtral,27,4,6,05_vs_1,shared_05_1,True,True,True,6.348164081573486,0.1990131139755249,0.0469970703125,0.10229839245383286,1.0516357883064653,1.0679145036579727,7527,770
mixtral,27,4,6,0_vs_05,shared_0_05,True,True,True,6.348164081573486,0.1990131139755249,0.0469970703125,0.10229839245383286,1.0516357883064653,1.0679145036579727,7527,770
mixtral,27,4,7,0_vs_05,hc_only,True,False,False,7.398182392120361,0.2283984124660492,0.0233154296875,0.048557264522689714,1.0575478101482807,1.1278165767642216,7867,382
mixtral,27,5,6,05_vs_1,shared_05_1,False,True,True,6.534390449523926,0.19883285462856293,0.070068359375,0.14899415963659962,1.0269731624338396,0.9780416613256474,7705,1148
mixtral,27,5,6,0_vs_05,hybrid_only_vs_hc,False,True,True,6.534390449523926,0.19883285462856293,0.070068359375,0.14899415963659962,1.0269731624338396,0.9780416613256474,7705,1148
mixtral,27,6,7,0_vs_05,hc_only,True,False,False,6.262411594390869,0.19576816260814667,0.04736328125,0.10267266472611802,1.0325939181495136,1.0966683717578958,7558,776
mixtral,28,0,1,05_vs_1,routing_only,False,False,True,13.407313346862793,0.25197696685791016,0.0152587890625,0.02961734391659756,0.9009875322515232,0.9304081099033356,8441,250
mixtral,28,0,2,05_vs_1,routing_only,False,False,True,10.84923267364502,0.2065306305885315,0.02496337890625,0.047635686000465874,0.9046190514199084,0.9464820015692769,8586,409
mixtral,28,0,4,05_vs_1,shared_05_1,False,True,True,11.76507568359375,0.2324514091014862,0.11053466796875,0.264572680788897,0.9668822893876939,0.9077514219784328,6845,1811
mixtral,28,0,4,0_vs_05,hybrid_only_vs_hc,False,True,True,11.76507568359375,0.2324514091014862,0.11053466796875,0.264572680788897,0.9668822893876939,0.9077514219784328,6845,1811
mixtral,28,0,5,05_vs_1,shared_05_1,True,True,True,7.747681617736816,0.16027307510375977,0.04315185546875,0.10111556064073227,0.9656394062653286,1.067960164840353,6992,707
mixtral,28,0,5,0_vs_05,shared_0_05,True,True,True,7.747681617736816,0.16027307510375977,0.04315185546875,0.10111556064073227,0.9656394062653286,1.067960164840353,6992,707
mixtral,28,0,6,0_vs_05,hc_only,True,False,False,8.163741111755371,0.1651880145072937,0.02197265625,0.0432744320230797,0.9677866516039912,1.1030727747413847,8319,360
mixtral,28,1,2,05_vs_1,shared_05_1,True,True,True,8.411523818969727,0.1482134759426117,0.08209228515625,0.18745644599303135,0.8447470385189256,0.8229031577429363,7175,1345
mixtral,28,1,2,0_vs_05,shared_0_05,True,True,True,8.411523818969727,0.1482134759426117,0.08209228515625,0.18745644599303135,0.8447470385189256,0.8229031577429363,7175,1345
mixtral,28,1,3,05_vs_1,hybrid_only_vs_routing,False,True,False,10.064643859863281,0.17775095999240875,0.0472412109375,0.10684704583103258,0.8552809893788718,0.8238242256625986,7244,774
mixtral,28,1,3,0_vs_05,hybrid_only_vs_hc,False,True,False,10.064643859863281,0.17775095999240875,0.0472412109375,0.10684704583103258,0.8552809893788718,0.8238242256625986,7244,774
mixtral,28,1,4,05_vs_1,routing_only,False,False,True,13.46841049194336,0.24561725556850433,0.0302734375,0.06454131424853611,0.9035034152386479,0.866975249902856,7685,496
mixtral,28,1,5,05_vs_1,routing_only,False,False,True,13.926453590393066,0.26495084166526794,0.0081787109375,0.018899858956276445,0.9642693211564897,1.041250773330233,7090,134
mixtral,28,1,7,0_vs_05,hc_only,True,False,False,11.064360618591309,0.1946409046649933,0.01165771484375,0.022773339692381066,0.874044051965741,0.831815682312581,8387,191
mixtral,28,2,3,05_vs_1,hybrid_only_vs_routing,False,True,False,9.576898574829102,0.17118556797504425,0.01873779296875,0.03830318153462258,0.8734308505757332,0.9054389201856979,8015,307
mixtral,28,2,3,0_vs_05,hybrid_only_vs_hc,False,True,False,9.576898574829102,0.17118556797504425,0.01873779296875,0.03830318153462258,0.8734308505757332,0.9054389201856979,8015,307
mixtral,28,2,4,05_vs_1,routing_only,False,False,True,12.211231231689453,0.2254769653081894,0.01715087890625,0.03425158459288152,0.9196986096594637,0.92537241983244,8204,281
mixtral,28,2,5,05_vs_1,routing_only,False,False,True,11.884809494018555,0.229061558842659,0.0250244140625,0.05760044956448441,0.9567636075599972,1.0855326587107124,7118,410
mixtral,28,2,7,0_vs_05,hc_only,True,False,False,9.20221996307373,0.16383567452430725,0.05731201171875,0.11821729825003148,0.8712357791563012,0.8464771672940483,7943,939
mixtral,28,4,5,05_vs_1,shared_05_1,False,True,True,11.723353385925293,0.2346220463514328,0.05230712890625,0.13534428300694884,1.0015430742626468,0.9746464668939383,6332,857
mixtral,28,4,5,0_vs_05,hybrid_only_vs_hc,False,True,True,11.723353385925293,0.2346220463514328,0.05230712890625,0.13534428300694884,1.0015430742626468,0.9746464668939383,6332,857
mixtral,28,5,6,0_vs_05,hc_only,True,False,False,9.099660873413086,0.18656469881534576,0.01312255859375,0.030727454623410033,1.0377788287461682,1.1185678013535434,6997,215
mixtral,29,0,1,0_vs_05,hc_only,True,False,False,15.28054141998291,0.22203302383422852,0.04852294921875,0.1048951048951049,0.9248811560989543,0.9300281823806043,7579,795
mixtral,29,0,2,05_vs_1,shared_05_1,True,True,True,12.39025592803955,0.1890314370393753,0.12701416015625,0.33727714748784443,0.9114097403552582,0.8766624685206819,6170,2081
mixtral,29,0,2,0_vs_05,shared_0_05,True,True,True,12.39025592803955,0.1890314370393753,0.12701416015625,0.33727714748784443,0.9114097403552582,0.8766624685206819,6170,2081
mixtral,29,0,7,0_vs_05,hc_only,True,False,False,15.036437034606934,0.2282392680644989,0.0059814453125,0.01352657004830918,0.9779023130323411,1.1184377749355472,7245,98
mixtral,29,1,2,0_vs_05,hc_only,True,False,False,16.9232234954834,0.2504430115222931,0.03765869140625,0.07782542885973764,0.9297973823354896,0.8706096023369454,7928,617
mixtral,29,1,3,05_vs_1,hybrid_only_vs_routing,False,True,False,16.23885154724121,0.2291119545698166,0.012939453125,0.02350072054095998,0.9195617203859939,0.8071403998248982,9021,212
mixtral,29,1,3,0_vs_05,hybrid_only_vs_hc,False,True,False,16.23885154724121,0.2291119545698166,0.012939453125,0.02350072054095998,0.9195617203859939,0.8071403998248982,9021,212
mixtral,29,1,6,05_vs_1,hybrid_only_vs_routing,False,True,False,15.440338134765625,0.21271246671676636,0.053955078125,0.12169603524229075,0.8944111492665329,0.8632665097174061,7264,884
mixtral,29,1,6,0_vs_05,hybrid_only_vs_hc,False,True,False,15.440338134765625,0.21271246671676636,0.053955078125,0.12169603524229075,0.8944111492665329,0.8632665097174061,7264,884
mixtral,29,1,7,05_vs_1,hybrid_only_vs_routing,True,True,False,14.338067054748535,0.21114178001880646,0.09002685546875,0.23937033430704316,0.9525021380010034,0.9779047736475023,6162,1475
mixtral,29,1,7,0_vs_05,shared_0_05,True,True,False,14.338067054748535,0.21114178001880646,0.09002685546875,0.23937033430704316,0.9525021380010034,0.9779047736475023,6162,1475
mixtral,29,2,7,0_vs_05,hc_only,True,False,False,16.778364181518555,0.2595973610877991,0.01031494140625,0.023008849557522124,0.9768341833105535,1.109036511218054,7345,169
mixtral,29,3,4,05_vs_1,routing_only,False,False,True,16.43923568725586,0.22252163290977478,0.07623291015625,0.1553096244715245,0.8197625930319375,0.8527826613860668,8042,1249
mixtral,29,3,5,05_vs_1,routing_only,False,False,True,15.661224365234375,0.2209775596857071,0.0438232421875,0.0902463549522373,0.8396643139478128,0.8172026568800626,7956,718
mixtral,29,3,6,05_vs_1,shared_05_1,True,True,True,13.588190078735352,0.18712124228477478,0.07958984375,0.17600215953569984,0.8501378156054694,0.8083302788664958,7409,1304
mixtral,29,3,6,0_vs_05,shared_0_05,True,True,True,13.588190078735352,0.18712124228477478,0.07958984375,0.17600215953569984,0.8501378156054694,0.8083302788664958,7409,1304
mixtral,29,3,7,05_vs_1,hybrid_only_vs_routing,False,True,False,15.389123916625977,0.22652220726013184,0.009765625,0.019895548371051976,0.9287491456633983,0.9905666209757328,8042,160
mixtral,29,3,7,0_vs_05,hybrid_only_vs_hc,False,True,False,15.389123916625977,0.22652220726013184,0.009765625,0.019895548371051976,0.9287491456633983,0.9905666209757328,8042,160
mixtral,29,4,5,05_vs_1,routing_only,False,False,True,18.318241119384766,0.2480703592300415,0.1351318359375,0.3719133210146145,0.8424019812736595,0.8179470155297256,5953,2214
mixtral,29,4,6,05_vs_1,routing_only,False,False,True,17.74816131591797,0.23480288684368134,0.00933837890625,0.01899913075872346,0.8356797708482694,0.7796090683516335,8053,153
mixtral,29,5,6,05_vs_1,routing_only,False,False,True,16.809816360473633,0.23159459233283997,0.00567626953125,0.012406616862326574,0.8597961352499979,0.8239151406031783,7496,93
mixtral,29,6,7,05_vs_1,hybrid_only_vs_routing,False,True,False,16.60687255859375,0.23844361305236816,0.048095703125,0.12450624111234002,0.9215146260797215,0.9468607796630278,6329,788
mixtral,29,6,7,0_vs_05,hybrid_only_vs_hc,False,True,False,16.60687255859375,0.23844361305236816,0.048095703125,0.12450624111234002,0.9215146260797215,0.9468607796630278,6329,788
mixtral,30,0,2,05_vs_1,hybrid_only_vs_routing,False,True,False,36.359947204589844,0.25698673725128174,0.0089111328125,0.01671054137575827,0.6440669065538555,0.6985938189780876,8737,146
mixtral,30,0,2,0_vs_05,hybrid_only_vs_hc,False,True,False,36.359947204589844,0.25698673725128174,0.0089111328125,0.01671054137575827,0.6440669065538555,0.6985938189780876,8737,146
mixtral,30,0,3,0_vs_05,hc_only,True,False,False,33.389678955078125,0.23856031894683838,0.01202392578125,0.02567444285155741,0.7340381097315064,0.557602431114555,7673,197
mixtral,30,0,4,05_vs_1,hybrid_only_vs_routing,True,True,False,27.774051666259766,0.19745902717113495,0.10595703125,0.24610150269350722,0.5740598992784942,0.6322215002218974,7054,1736
mixtral,30,0,4,0_vs_05,shared_0_05,True,True,False,27.774051666259766,0.19745902717113495,0.10595703125,0.24610150269350722,0.5740598992784942,0.6322215002218974,7054,1736
mixtral,30,0,6,05_vs_1,hybrid_only_vs_routing,False,True,False,35.29717254638672,0.25773340463638306,0.01849365234375,0.03934553954031944,0.661773674458037,0.5865220959627195,7701,303
mixtral,30,0,6,0_vs_05,hybrid_only_vs_hc,False,True,False,35.29717254638672,0.25773340463638306,0.01849365234375,0.03934553954031944,0.661773674458037,0.5865220959627195,7701,303
mixtral,30,0,7,05_vs_1,hybrid_only_vs_routing,True,True,False,25.979265213012695,0.18735510110855103,0.0362548828125,0.07943300347686547,0.6343872827079469,0.6560772862097229,7478,594
mixtral,30,0,7,0_vs_05,shared_0_05,True,True,False,25.979265213012695,0.18735510110855103,0.0362548828125,0.07943300347686547,0.6343872827079469,0.6560772862097229,7478,594
mixtral,30,1,3,05_vs_1,routing_only,False,False,True,52.8052864074707,0.325585275888443,0.06329345703125,0.13657315948900303,0.7174578716549873,0.5680140154283555,7593,1037
mixtral,30,1,5,05_vs_1,routing_only,False,False,True,107.74838256835938,0.7744935750961304,0.0010986328125,0.0024647405175955085,1.0848032875484135,nan,7303,18
mixtral,30,1,7,05_vs_1,routing_only,False,False,True,54.955169677734375,0.3415789306163788,0.0299072265625,0.058738911532006714,0.6380778561676471,0.5639536937888787,8342,490
mixtral,30,2,4,05_vs_1,hybrid_only_vs_routing,False,True,False,26.629581451416016,0.1835843026638031,0.03228759765625,0.05840141311547803,0.5971749552724429,0.5980519954333459,9058,529
mixtral,30,2,4,0_vs_05,hybrid_only_vs_hc,False,True,False,26.629581451416016,0.1835843026638031,0.03228759765625,0.05840141311547803,0.5971749552724429,0.5980519954333459,9058,529
mixtral,30,2,6,05_vs_1,shared_05_1,True,True,True,26.572219848632812,0.18799060583114624,0.1337890625,0.33166893629898625,0.5967476709579119,0.5748997794015565,6609,2192
mixtral,30,2,6,0_vs_05,shared_0_05,True,True,True,26.572219848632812,0.18799060583114624,0.1337890625,0.33166893629898625,0.5967476709579119,0.5748997794015565,6609,2192
mixtral,30,2,7,05_vs_1,hybrid_only_vs_routing,False,True,False,27.727298736572266,0.19381633400917053,0.05584716796875,0.11503645964294694,0.6200302309626636,0.6242902318962285,7954,915
mixtral,30,2,7,0_vs_05,hybrid_only_vs_hc,False,True,False,27.727298736572266,0.19381633400917053,0.05584716796875,0.11503645964294694,0.6200302309626636,0.6242902318962285,7954,915
mixtral,30,3,4,0_vs_05,hc_only,True,False,False,26.49647331237793,0.18460416793823242,0.0106201171875,0.020714285714285713,0.6964541628247216,0.64143359232908,8400,174
mixtral,30,3,5,05_vs_1,routing_only,False,False,True,61.32126998901367,0.5119807720184326,0.10174560546875,0.35634886703719537,0.9175446236322149,0.9087602482202458,4678,1667
mixtral,30,3,7,05_vs_1,routing_only,True,False,True,22.573970794677734,0.1594913899898529,0.03875732421875,0.08793795873147764,0.7175929487255072,0.6695500570958055,7221,635
mixtral,30,3,7,0_vs_05,hc_only,True,False,True,22.573970794677734,0.1594913899898529,0.03875732421875,0.08793795873147764,0.7175929487255072,0.6695500570958055,7221,635
mixtral,30,4,6,05_vs_1,hybrid_only_vs_routing,False,True,False,27.821134567260742,0.1979866325855255,0.05029296875,0.10451547437848807,0.61863499544164,0.5530419362329163,7884,824
mixtral,30,4,6,0_vs_05,hybrid_only_vs_hc,False,True,False,27.821134567260742,0.1979866325855255,0.05029296875,0.10451547437848807,0.61863499544164,0.5530419362329163,7884,824
mixtral,30,4,7,05_vs_1,hybrid_only_vs_routing,True,True,False,20.958444595336914,0.14735469222068787,0.01470947265625,0.02823667252489748,0.6227870612655666,0.6212508041581672,8535,241
mixtral,30,4,7,0_vs_05,shared_0_05,True,True,False,20.958444595336914,0.14735469222068787,0.01470947265625,0.02823667252489748,0.6227870612655666,0.6212508041581672,8535,241
mixtral,30,5,7,05_vs_1,routing_only,False,False,True,60.31790542602539,0.5091296434402466,0.041259765625,0.11514222449327202,0.9109382570916801,0.9421529979748133,5871,676
mixtral,30,6,7,05_vs_1,hybrid_only_vs_routing,False,True,False,29.47006607055664,0.2127399742603302,0.0291748046875,0.06363152289669861,0.6613233655659408,0.6141278364044852,7512,478
mixtral,30,6,7,0_vs_05,hybrid_only_vs_hc,False,True,False,29.47006607055664,0.2127399742603302,0.0291748046875,0.06363152289669861,0.6613233655659408,0.6141278364044852,7512,478
mixtral,31,0,4,05_vs_1,shared_05_1,True,True,True,49.640892028808594,0.09518830478191376,0.13433837890625,0.44455665522116744,0.18346732044624478,0.17411241299561184,4951,2201
mixtral,31,0,4,0_vs_05,shared_0_05,True,True,True,49.640892028808594,0.09518830478191376,0.13433837890625,0.44455665522116744,0.18346732044624478,0.17411241299561184,4951,2201
mixtral,31,0,6,05_vs_1,hybrid_only_vs_routing,False,True,False,77.77203369140625,0.1440446525812149,0.066650390625,0.14019771472589548,0.2223435035947505,0.2492951007198283,7789,1092
mixtral,31,0,6,0_vs_05,hybrid_only_vs_hc,False,True,False,77.77203369140625,0.1440446525812149,0.066650390625,0.14019771472589548,0.2223435035947505,0.2492951007198283,7789,1092
mixtral,31,1,3,05_vs_1,routing_only,False,False,True,146.22097778320312,0.2517322599887848,0.061279296875,0.12181509342392623,0.4031198718425748,0.24235827858704495,8242,1004
mixtral,31,1,5,05_vs_1,shared_05_1,True,True,True,78.16870880126953,0.14330078661441803,0.15106201171875,0.470532319391635,0.4503936558168651,0.6854575993316342,5260,2475
mixtral,31,1,5,0_vs_05,shared_0_05,True,True,True,78.16870880126953,0.14330078661441803,0.15106201171875,0.470532319391635,0.4503936558168651,0.6854575993316342,5260,2475
mixtral,31,2,6,0_vs_05,hc_only,True,False,False,72.83787536621094,0.13177940249443054,0.02264404296875,0.04777849323889247,0.2772905955219453,0.19116795243760645,7765,371
mixtral,31,2,7,05_vs_1,shared_05_1,False,True,True,81.93561553955078,0.1429547518491745,0.15447998046875,0.5093580197222781,0.32248059204824736,0.4242579863270202,4969,2531
mixtral,31,2,7,0_vs_05,hybrid_only_vs_hc,False,True,True,81.93561553955078,0.1429547518491745,0.15447998046875,0.5093580197222781,0.32248059204824736,0.4242579863270202,4969,2531
mixtral,31,3,5,05_vs_1,routing_only,False,False,True,109.9900131225586,0.19019876420497894,0.07293701171875,0.14566065333983422,0.33005794887133544,0.2115839938987748,8204,1195
mixtral,31,3,7,0_vs_05,hc_only,True,False,False,61.54138946533203,0.10201677680015564,0.04876708984375,0.08931365973619494,0.25906404765585567,0.15061773195657624,8946,799
mixtral,31,4,6,05_vs_1,hybrid_only_vs_routing,False,True,False,76.9922866821289,0.1443004459142685,0.0491943359375,0.11015443487768212,0.20525050531470485,0.22853572520591486,7317,806
mixtral,31,4,6,0_vs_05,hybrid_only_vs_hc,False,True,False,76.9922866821289,0.1443004459142685,0.0491943359375,0.11015443487768212,0.20525050531470485,0.22853572520591486,7317,806
